CHROM	POS	ID	REF	ALT	BETA
10	24553625	rs11013998	G	A	-0.01082981
19	41405962	rs4803400	T	G	0.01484966
