CHROM	POS	ID	REF	ALT	BETA
2	150002914	rs385072	C	T	-0.0300019
8	6468542	rs3020254	G	C	-0.008675017
23	43805109	rs5906278	A	G	0.01735931
23	46246592	rs62590007	T	C	-0.01544828
23	121253024	rs10047006	T	C	0.000117825
