CHROM	POS	ID	REF	ALT	BETA
1	63702557	rs943872	G	T	0.004649849
14	60031996	rs1980580	G	A	-0.01116588
2	225299163	rs12997147	C	T	0.001154002
6	30075864	Affx-28423542	A	G	-0.005747709
6	31327334	rs2523589	G	T	-0.004246247
6	31605199	rs2736155	G	C	-0.007854446
6	31634193	rs805257	A	G	0.004188193
6	31922254	rs630379	A	C	-0.008674879
6	31928799	rs419788	T	C	-0.009541264
6	32192107	rs3134929	C	G	-0.02443262
6	32193220	rs2395106	A	G	-0.06679389
6	32406342	rs3129871	A	C	0.05616398
6	32605451	rs9272449	A	G	0.05806333
23	70093038	rs5937008	C	T	-0.007277448
23	126023686	rs5976441	A	G	-0.006903549
24	2422146	rs2316860	G	A	0.001697899
