CHROM	POS	ID	REF	ALT	BETA
17	21793897	rs1076066	G	T	-0.02216893
17	31809299	rs12451359	A	G	-0.00471082
17	65687474	rs7226140	A	G	0.009210708
21	25963843	rs2408976	C	T	0.00155253
3	16227428	rs17272355	G	A	-0.003821651
4	3950060	rs10937848	C	A	-6.242757e-05
6	31274693	rs3094691	G	A	-0.000546192
7	6944142	rs13222888	C	A	-0.003959036
8	139195589	rs11780230	T	C	-0.005824562
23	135202716	rs7471253	A	G	0.001427619
