CHROM	POS	ID	REF	ALT	BETA
10	1979251	rs12772447	C	T	0.004308939
10	128608985	rs4255455	A	C	-0.005664555
12	128244331	rs7137200	C	T	-0.005197114
14	61186263	rs17834412	A	G	0.002691724
15	94417395	rs4386091	C	G	0.0001789995
17	10222061	rs2074872	G	A	0.006339481
17	20733390	rs1556806	A	G	0.005339155
19	15643590	rs12980464	G	A	0.00229573
19	54110112	rs11672462	A	G	-0.003182431
2	11996680	rs893352	G	A	-0.002576126
2	236358240	rs6732716	T	G	-0.009686679
21	19226121	rs34451065	C	T	-0.01127375
3	40233314	rs73067669	T	C	0.001246387
4	108318541	rs10008088	G	A	-0.005418274
9	82952311	rs10746628	T	C	-0.001317214
23	10180880	rs2078275	G	C	0.002572118
