CHROM	POS	ID	REF	ALT	BETA
10	8565001	rs2765398	C	T	-0.005606411
11	49685574	rs11040463	C	T	-0.01822367
11	94926267	rs596855	G	A	-0.01516728
14	52514912	rs1566129	T	C	-0.02671242
15	60217332	rs2970384	C	T	0.01703984
16	26092106	rs9806883	A	G	0.002324881
16	57680589	rs8058865	T	C	-0.01288485
17	14188236	rs4791569	G	T	0.01036297
17	14197543	rs755731	G	T	-0.009666046
18	37241592	rs670545	G	T	0.003451905
19	55416954	rs34549987	T	C	-0.006567773
2	142230328	rs35293746	T	G	0.007973558
21	31709691	rs2244485	G	A	-0.004287983
22	45425095	rs132020	G	A	-0.01046972
3	30243568	rs9870040	C	T	-0.01068544
7	77609654	rs12539304	C	T	0.0151926
7	92734451	rs6965201	A	G	0.003845445
7	95813831	rs6962870	C	T	0.0181567
8	101986864	rs2923774	A	G	0.002602391
8	105382586	rs2853135	T	C	0.0007966868
9	89131913	rs6559933	A	G	-0.001550527
9	117084228	rs2787337	C	T	0.01404762
9	138187955	rs7852791	C	T	-0.03968825
23	45698719	rs7058787	C	T	-0.0174436
23	50749559	rs28595006	T	C	0.004552383
