CHROM	POS	ID	REF	ALT	BETA
18	1826017	rs893659	T	C	0.001537096
18	57505073	rs72968138	T	G	0.003991858
6	169963939	rs760947	G	A	0.001591125
9	972890	rs10816153	G	A	0.0007646793
23	9418210	rs5934630	A	G	-0.001060747
23	134420602	rs1129095	C	T	-0.001105185
