CHROM	POS	ID	REF	ALT	BETA
1	21983793	rs77063646	C	T	-0.0129536
1	167455145	rs858553	A	G	-0.006897071
1	201037069	rs7519715	T	C	-0.006523224
1	237856168	rs12032174	C	T	-0.004408441
10	82015246	rs11815361	C	T	-0.01997484
10	106235467	rs280839	T	G	0.005993919
11	123078524	rs526199	T	C	0.01869369
12	661031	rs756502	A	G	0.0154855
15	94715634	rs11856931	C	T	0.002292422
16	13431379	Affx-36029312	T	C	0.003109249
16	13484959	rs4781456	G	A	0.004786091
16	51265863	rs7499931	A	G	-0.0003089965
18	47146125	rs11664342	G	A	0.01341753
19	29736342	rs11083866	G	A	-0.009964382
19	41405962	rs4803400	T	G	0.006807257
2	222859340	rs13418105	C	T	0.005791987
20	6634566	rs6038571	A	C	0.006013113
22	45117594	rs763217	T	C	-0.004026365
3	3071742	rs12497768	T	C	0.004026842
3	32286833	rs9852265	T	C	-0.0007628687
3	66502981	rs11706832	A	C	0.006354814
3	108633389	rs7629127	T	C	0.002050456
4	61290508	rs11733458	T	G	-0.002593443
5	11121100	rs1018966	G	A	0.003640066
5	65739439	rs10514995	T	C	-0.007771138
5	82159879	rs55702951	A	G	-0.00910246
6	92196691	rs7754548	T	G	0.008152886
7	56361258	rs11238403	G	A	0.002326363
8	1948916	rs36027367	A	G	-0.02098399
9	81542405	rs7030136	C	T	0.005416095
23	28647631	rs196998	C	T	-0.005531074
23	114858181	rs5987947	C	T	0.003330977
23	121546704	rs2199957	C	T	0.001487887
