CHROM	POS	ID	REF	ALT	BETA
1	11856378	rs1801133	G	A	0.005388404
1	53064034	rs835342	G	A	0.02384164
1	54019131	rs503166	A	G	0.01187622
1	199449610	rs1361105	G	A	-0.009155297
1	201195119	rs3738270	C	T	-0.004751586
10	17156151	rs1801222	A	G	-0.07193432
10	73970837	rs7073342	C	T	-0.03905128
11	4584569	rs2657166	A	G	0.02399948
11	59623378	rs34324219	C	A	0.04882797
11	59659006	rs12277676	G	T	0.00315406
11	105817907	rs675084	T	C	0.001316227
11	131276764	rs10736597	T	G	-0.001111623
11	133303640	rs4936188	G	A	0.03268639
12	45466344	rs2643154	C	T	0.004166742
12	49218171	rs2070615	A	G	0.009773118
12	112871372	rs11066301	A	G	0.002614055
12	114401881	rs11614025	A	G	-0.003468067
13	28516402	rs4771197	A	G	-0.02858826
13	46039407	rs11619408	G	T	-0.006750387
13	78864736	rs1324796	A	G	-0.008086297
15	26277545	rs4906844	A	G	-0.007179748
16	11154770	rs2286973	G	A	-4.284709e-06
16	11158885	rs887864	G	A	0.02598099
17	43976684	Affx-13928133	T	C	0.01870958
17	63642542	rs8074751	G	A	0.007223989
18	71510544	rs35374248	G	A	0.009419914
19	49206172	rs516246	C	T	-0.05250374
2	11323276	rs978906	T	C	-0.006148885
2	60723266	rs7565301	G	A	-0.01073462
2	153847917	rs1835420	C	T	-0.008221262
2	176621400	rs13017316	G	A	0.006654675
21	19405159	rs2824607	C	A	0.0004731473
3	3677762	rs2200705	T	C	-0.02789179
4	111053652	rs7689036	G	A	0.007780102
5	11949566	rs9885582	G	A	0.005897939
5	100930355	rs3843477	A	G	0.0009158172
5	141523000	rs1062158	C	T	0.006138068
6	31265262	rs2246954	A	G	-0.006516818
6	31272261	rs6457374	C	T	-0.03585515
6	31327400	rs2523587	T	C	-0.0180574
6	32602430	rs17211510	C	A	-0.07837652
6	32905746	rs194675	T	A	-0.01635747
6	74125888	rs311685	A	G	0.0009557023
6	90958231	rs11755527	C	G	0.00404575
6	90973159	rs1847472	C	A	0.00268988
7	50313352	rs10276619	G	A	0.04847294
7	78456148	rs519514	C	T	0.009624971
8	21402658	rs1564480	A	G	-0.01584799
8	27204598	rs4534095	A	G	-0.02822663
8	56421026	rs2622557	A	G	0.00858135
9	126096522	rs10818810	G	A	-0.007406461
9	139069361	rs10776889	T	C	-4.952421e-05
23	5153366	rs17267930	T	G	0.004141464
23	38584362	rs12839388	A	G	-0.008462356
23	92224087	rs35572792	T	G	-0.003039358
23	137412970	rs5931380	C	T	0.005387743
23	150326325	rs180495	A	G	-0.02021203
23	150964679	rs5970118	A	C	0.006298202
