CHROM	POS	ID	REF	ALT	BETA
10	69827012	rs503677	G	A	0.0006807222
6	31603770	rs11229	A	G	0.002292755
6	32620775	rs17843619	C	A	0.02244166
6	32626272	rs9273363	C	A	0.006907044
6	32626302	rs9273364	T	G	0.01187737
6	32804909	rs241425	A	G	0.006174694
