CHROM	POS	ID	REF	ALT	BETA
10	81926702	rs1049550	G	A	-0.1155724
17	14924816	rs9894583	C	T	0.007811625
2	78026615	rs13425291	A	G	0.004887917
2	235978316	rs13417346	T	C	0.01385437
6	3934132	DRB3_9901	P	N	0.02540503
6	30074163	rs2517600	G	A	0.004567954
6	31221698	rs1793891	C	T	0.05383426
6	31327660	rs1811197	G	A	0.1140964
6	32363816	rs2076530	T	C	-0.04133714
6	32377539	rs9268507	A	G	-0.01819891
6	32448129	rs4410767	T	C	-0.06188149
6	32578970	rs502771	T	C	0.02787201
6	32664458	rs2647012	T	C	-0.01910573
6	32668336	rs2647046	A	C	-0.1105123
6	32763888	rs9276726	T	C	0.03124084
8	120121084	rs2450076	A	G	-0.01374016
8	120187829	rs2465373	C	T	-0.0001417914
23	33046344	rs4345727	G	A	0.04210269
23	47214228	rs7063875	C	T	-0.03594718
23	135681110	rs2518903	C	T	-0.008269934
