CHROM	POS	ID	REF	ALT	BETA
1	26801229	rs72651510	C	A	0.01378525
1	201171283	rs947379	C	T	-0.001578644
1	231129882	rs34246097	C	T	0.01298528
10	24681150	rs7070056	T	C	-0.04536324
10	81852059	rs3156	G	A	0.05034972
10	86893742	rs17296807	G	A	-0.002525413
10	120751045	rs7072794	C	G	0.016019
10	132923881	rs10829907	A	G	0.007147864
12	2586645	rs2239087	T	C	0.02757143
12	64915197	rs1317533	T	C	0.01735312
14	20886990	rs77551140	T	G	-0.0005297458
14	62420606	rs1254839	A	G	0.004443477
15	27845921	rs1531500	G	A	-0.001272752
16	2812939	rs2240140	C	A	0.02621975
16	20308495	rs4270182	C	T	-0.0299618
17	32082580	rs2701484	A	G	-0.006716578
17	48731392	rs35364174	G	A	0.008562974
18	8732092	rs9961392	T	G	-0.0005007552
18	13448684	rs4796982	C	T	0.01031089
18	73378887	rs2584466	T	C	-0.01031992
2	30963364	rs1715819	A	G	-0.01087596
2	86835965	rs62147239	T	C	0.0129346
20	57086507	rs6070488	T	C	-0.004213544
21	44064509	rs386325	C	T	-0.04227153
22	19634877	rs5993760	C	T	-0.007331475
3	2017591	rs1852447	T	C	-0.001416095
3	36345769	rs13068896	T	G	0.006986847
3	187088812	rs3821812	C	T	-0.03703807
4	71672653	rs1043903	A	G	-0.002736573
4	106792380	rs2553440	C	T	-0.008985857
4	185736113	rs2280297	G	C	0.01157987
5	26988424	rs2288467	T	C	-0.001033728
5	126085712	rs2036846	T	C	0.01617536
5	133018469	rs1006549	G	A	0.004439802
6	10865383	rs3843518	A	G	-0.04249958
6	10897488	rs2153157	G	A	-0.105136
6	32626311	rs6906021	T	C	0.01096382
7	16682537	rs818325	G	A	-0.01145805
8	4481250	rs2725020	C	T	-0.02219551
23	32454346	rs2405829	A	G	-0.01641792
23	33611081	rs4829294	A	C	-0.0005934403
23	42722332	rs5951015	A	G	-0.03997238
