CHROM	POS	ID	REF	ALT	BETA
5	141025162	rs456998	G	T	0.001337698
23	65264691	rs678475	A	C	0.002836729
