CHROM	POS	ID	REF	ALT	BETA
12	121416988	rs2244608	A	G	0.0007495038
18	62167817	rs7231639	T	C	-0.003702481
2	15297306	rs4294976	G	T	-0.007889085
5	75779471	rs2068434	A	G	0.00105061
5	82071045	rs62819763	T	C	0.004628043
23	9928012	rs11095524	A	G	-0.004146004
23	121184122	rs1386920	A	G	-0.002114716
