CHROM	POS	ID	REF	ALT	BETA
11	98890724	rs4754573	G	A	0.003148323
13	91315995	rs828222	A	G	0.009353393
14	59592168	rs7149892	G	A	0.01188807
19	45422946	rs4420638	A	G	0.1756582
2	69345243	rs11676352	C	T	0.02057957
2	107420143	rs10496407	C	T	0.01980225
22	46852930	rs4823548	A	C	0.006315016
3	115568314	rs3772969	T	C	0.009894651
3	151531894	rs2293004	C	T	0.0006631681
4	20266177	rs28546989	T	C	-0.009378684
4	128136441	rs13145752	G	A	0.01113535
4	177111767	rs13138827	C	A	0.002689563
8	75297342	rs7813767	G	A	-0.002185869
8	125600644	rs4007923	T	C	0.003804861
23	12703336	rs4355984	T	C	0.03001141
23	16866741	rs5924560	G	T	-0.01436945
23	17529332	rs916313	A	G	0.0008777035
23	32318547	rs331321	C	T	-0.003036752
23	90214792	rs140446381	G	A	-0.002659579
23	90223117	rs192965051	G	A	-0.01280069
23	90249806	rs73252495	T	C	-0.03431187
23	102827273	rs12012342	T	C	-0.00542457
23	102983869	rs5945699	G	A	-0.003277902
23	113417195	rs4829453	G	A	0.004526195
23	122928082	rs3005870	T	G	0.02161671
23	150791868	rs5924979	T	G	0.02621823
