CHROM	POS	ID	REF	ALT	BETA
1	12046063	rs2336384	G	T	0.00450666
1	91658920	rs648094	T	G	0.002093353
1	154768689	rs1419110	G	T	-0.003189442
1	202931839	rs2232854	G	A	0.004036361
1	245116298	rs7522091	A	G	0.001260832
10	133585920	rs4897773	G	A	-0.006610154
11	64597506	rs3741395	T	C	-0.02398566
12	6084191	rs216852	G	C	-0.01287257
13	28516402	rs4771197	A	G	0.002904413
14	69254191	rs4902647	C	T	-0.02493289
16	6796804	rs9939317	T	G	0.001684611
16	11249329	rs6498169	G	A	-0.02030898
16	58921273	rs2045950	T	C	-0.01972402
17	80680449	rs2243523	G	T	-0.001163099
18	45708315	rs4347695	A	G	0.002320491
2	61204856	rs7608910	A	G	0.01650611
2	171469988	rs13383314	C	T	0.001571311
3	28079085	rs170934	C	T	0.02286808
3	121793187	rs4308217	C	A	-0.001517071
4	103557077	rs2866413	G	A	0.001832484
4	110499402	rs197202	A	G	0.00606141
5	17767376	rs13163345	T	G	-0.007502492
5	32049094	rs438834	C	T	0.01880775
5	80479910	rs4703825	T	C	0.002993813
6	28411244	rs13190937	G	A	0.02222562
6	28706912	rs880638	G	A	0.0137667
6	29922740	rs16896742	A	G	-0.005833841
6	29933881	rs6457110	T	A	-0.03058299
6	29942205	rs3823358	G	A	-0.1216789
6	31432125	rs2284178	C	T	-0.04322156
6	32006886	rs75730897	G	A	-0.05778509
6	32187605	rs1109771	A	G	-0.01206081
6	32261771	rs560505	A	G	-0.00335567
6	32411726	rs3129888	G	A	-0.137814
6	32428285	rs6903608	C	T	-0.008843249
6	32485151	DRB5_101	N	P	0.08620173
6	32501574	rs71549251	A	G	-0.1995694
6	32520816	rs58495148	G	C	-0.03787589
6	32522339	rs36192217	A	G	-0.0574624
6	32551350	rs9269910	T	A	-0.05191239
6	32669018	rs1612904	C	A	-0.1435983
6	32681631	rs9275596	C	T	-0.003430219
6	58308955	rs9500256	G	A	0.0004835161
6	95846914	rs66733329	T	G	0.01431071
7	45412191	rs12702140	A	G	-0.01115715
7	123773562	rs12672951	C	T	-0.007450359
8	145059425	rs11136344	T	C	0.0005627918
8	145079534	rs7015812	C	G	0.02078923
9	4426631	rs10974531	C	A	0.00810905
9	91262347	rs199830055	A	T	0.000576033
9	138913683	rs4842075	C	T	-0.0003938656
23	4639496	rs5962239	T	C	-0.01758789
23	13261391	rs6631139	T	A	0.007061612
