CHROM	POS	ID	REF	ALT	BETA
11	27325462	rs10835157	G	A	0.02300665
13	76322065	rs552030	G	T	0.001434704
17	3214181	rs231678	T	G	0.002600601
17	46029089	rs11651753	C	T	0.006354131
19	54528426	rs449207	C	G	0.001103331
2	22960628	rs1919401	A	C	0.0120849
2	67011870	rs2861180	G	A	-0.006514524
2	104127109	rs1451981	C	T	-0.01197573
2	119899933	rs10205049	G	A	0.02189547
4	90666041	rs356203	C	T	-0.08833188
23	22464040	rs12399184	A	G	0.002059866
23	23566531	rs1033055	T	G	0.019382
23	31350022	rs5927721	C	T	0.001118938
23	34937496	rs6527394	A	G	-0.01164639
23	34994149	rs3109519	T	G	0.003077826
23	42927865	rs5950942	C	A	-0.000138363
23	69401419	rs5980903	T	C	-0.009671425
23	90223117	rs192965051	G	A	-0.001874313
23	96096100	rs233688	C	T	-0.001073075
23	106194435	rs6622123	G	T	-0.002180281
23	114507265	rs6644218	T	C	-0.006089701
23	139855975	rs6528754	C	T	0.02245726
