CHROM	POS	ID	REF	ALT	BETA
13	58215276	rs9527676	G	A	-0.0003990895
4	84405745	rs6844460	T	C	-0.0006121629
23	21836645	rs7878576	A	G	0.01244905
23	39748138	rs3002397	A	G	0.003041328
23	139580982	Affx-34645885	A	C	0.01853455
23	150833408	rs10482212	A	G	-0.006717644
