CHROM	POS	ID	REF	ALT	BETA
19	49207206	rs485186	A	G	0.007520036
4	109704907	rs6814067	T	G	0.002351602
