CHROM	POS	ID	REF	ALT	BETA
10	14815459	rs1004296	A	C	-0.005888755
17	74985472	rs10512611	T	C	0.002377915
