CHROM	POS	ID	REF	ALT	BETA
12	8000336	rs7965203	T	G	-0.01204209
19	14367138	rs10411875	T	G	-0.02028587
6	137815872	rs6909916	C	G	-0.003472054
23	122536126	rs612595	C	A	0.001500895
