CHROM	POS	ID	REF	ALT	BETA
1	8379448	rs11121162	G	A	-0.005426497
1	15187450	rs6429680	C	A	-0.00225877
10	13334136	rs1414395	G	T	0.002785192
10	18935341	rs7099260	C	A	-0.001851836
10	94089160	rs11186923	A	C	0.01364765
11	68994667	rs10896449	A	G	-0.01020791
12	12586842	rs3925170	G	A	-0.006984448
13	31484608	rs1331849	G	T	0.0139195
13	113628269	rs1317573	C	T	0.004075933
14	21978293	rs719785	A	G	0.00025511
15	76443664	rs2955760	A	G	-0.01923707
18	4374408	rs2320211	G	A	-0.003721488
18	42127194	rs962876	C	T	0.0112774
19	3872565	rs35288732	T	C	-0.0009529602
19	15990431	rs2108622	C	T	-0.006359091
19	45188429	rs2965156	G	C	0.002102337
2	111949327	rs6738028	G	C	0.006187852
2	186109320	rs17712328	G	A	0.0002185774
21	34796886	rs2834215	A	G	-0.0002387963
21	34815794	rs4816455	G	A	0.003906591
22	44324727	rs738409	C	G	0.003959556
3	106175546	rs722812	T	C	0.00656805
4	40213628	rs4974974	T	G	0.00429936
4	140454711	rs2592972	C	T	-0.01930996
4	170781385	rs56096038	C	T	-0.007291007
5	55333925	rs10045084	G	A	0.0005254312
5	88376061	rs1366594	A	C	0.003753909
5	131590257	rs7727038	C	T	0.002743982
5	170778824	rs7715167	T	C	-0.008971471
6	26198046	rs4145878	T	A	0.006965546
6	29336054	rs4713211	G	A	0.02652498
6	32192331	rs3096702	A	G	-0.02258848
6	32408012	rs3129876	G	A	-0.008360464
6	32575658	rs3021304	G	C	-0.03277748
7	111749447	rs849014	A	G	-0.001222561
8	12621750	rs35353128	C	CT	0.02507832
8	13598779	rs17117315	A	C	0.0085443
9	140565196	rs2501559	T	C	0.0006914283
23	21970068	rs6629443	C	A	0.001329349
23	25805515	rs959644	T	C	-0.002686885
23	37652518	rs5917471	C	T	0.0006375096
23	39354622	rs5963663	C	T	0.000368264
23	45665926	rs6521042	G	C	0.005778149
23	46185355	rs761200	G	A	-0.004606849
23	70450889	rs2341629	G	A	-0.001988849
23	86783867	rs5969235	A	G	-0.000712885
23	142506414	rs5908660	A	G	0.00881997
23	145760998	rs407379	T	G	-0.007362354
23	152684985	rs5986916	T	C	0.000195357
