CHROM	POS	ID	REF	ALT	BETA
6	31327034	rs116666910	C	A	0.3058342
6	31389923	rs17200400	G	A	0.02263041
6	31417136	rs17200414	C	T	0.102368
