CHROM	POS	ID	REF	ALT	BETA
20	48918420	rs7269352	A	G	0.009591636
5	168623743	rs297843	C	T	0.009215759
6	158411645	rs9459057	A	G	-0.001252931
7	5697579	rs852517	G	T	-0.006487629
7	114701283	rs2520583	T	C	0.02617978
23	99768045	rs720403	T	C	-0.002768315
