CHROM	POS	ID	REF	ALT	BETA
1	81832235	rs11163262	T	C	0.01910114
10	55597489	rs10825119	C	T	-0.008882932
10	90716837	rs1441734	G	A	0.00558339
10	132074769	rs2771222	A	C	-0.01574045
12	116904769	rs2657308	G	A	0.0001186295
13	43892830	rs9533455	C	T	-0.01815276
13	46500126	rs2060508	G	T	0.001248123
13	106878180	Affx-8909091	C	T	0.005444152
14	91295459	rs4904734	A	G	-0.005834564
15	95241143	rs2169934	C	T	-0.004229729
17	75495397	rs9038	T	C	0.004256596
18	53186911	rs72932713	T	C	0.1824776
18	53210302	rs613872	G	T	-0.2270613
2	228062952	rs1950134	G	A	-0.004352423
5	123746753	rs27399	T	C	0.001823483
6	99894360	rs66817403	CAAAGA	C	-0.02806482
6	127798916	rs6937964	T	C	0.02189179
7	2912928	rs1182143	T	C	0.002139594
8	53001262	rs12675903	C	T	-0.007778641
9	102888321	rs846762	T	C	0.02138794
23	86467588	rs6617332	T	G	-0.004093766
23	130810042	rs5977530	A	G	-0.0155701
24	831948	rs6644389	C	T	0.001418117
