CHROM	POS	ID	REF	ALT	BETA
1	108157410	rs1328205	G	T	-0.002287175
1	221065176	rs949839	A	G	0.001815176
10	71447406	rs34911915	T	C	0.003657812
10	99281793	rs7089060	A	G	0.006031707
11	30682606	rs294387	T	C	0.001553928
11	113364647	rs4245150	G	T	0.01223567
13	26774905	rs3891621	G	A	0.006903363
14	24198369	rs2332102	C	T	-0.0297302
17	6798378	rs573836	G	T	-0.004846188
18	466351	rs4797173	C	T	0.01278932
20	8601707	rs17365739	C	T	0.02974978
22	27978888	rs738755	C	G	-0.02128225
22	47605031	rs12158950	T	C	-0.0157591
22	51117580	rs9616915	T	C	0.002354622
3	145526178	rs6440389	A	C	0.0004641183
3	148910521	rs1523513	A	G	-0.0007894801
3	157347640	rs2649734	G	A	0.04086203
3	157595264	rs9290006	C	T	0.004349114
5	6806763	rs17180397	T	C	-0.002793228
5	6865892	rs12521713	A	G	0.00447466
5	8589431	rs4317291	A	C	-0.002620594
5	28930902	rs13167137	G	T	-0.008387927
5	34795841	rs336463	C	T	0.001632913
5	81883162	rs1847053	T	C	0.009518098
5	175279441	rs4868539	G	A	0.005651103
6	7230680	rs9502564	G	T	0.0493514
6	19610835	rs6910563	A	C	-0.0002048824
6	21479200	rs12527320	C	G	-0.007686584
6	32337630	rs2273017	G	A	0.000144808
6	68872136	rs1378447	A	G	-0.003995049
7	137848071	rs6961222	T	C	0.009221342
8	41193966	rs61502037	T	G	0.003156149
8	61566163	rs612558	T	C	-0.006854819
9	737436	rs10739127	G	T	0.008382056
9	6407843	rs10739097	T	C	-0.006718457
9	13809735	rs894822	A	G	-0.002086712
9	109942883	rs1519043	T	G	-0.01263265
23	9613099	rs17321050	T	G	0.004950206
23	89636237	rs4061559	C	T	0.01953702
23	93990659	rs6619612	C	T	0.006464339
23	94015663	rs3130077	A	C	-0.004268074
23	95850861	rs5949901	T	C	0.004858678
23	99743538	rs11092266	C	T	0.001796388
23	100131584	rs6620949	C	G	-0.0004985102
23	113157717	rs3007186	G	A	-0.00139581
23	134013529	rs5978053	T	C	-0.003114038
23	134603974	rs5930723	G	A	-0.006253332
23	138615521	rs371000	C	T	-0.01379157
