CHROM	POS	ID	REF	ALT	BETA
15	26037922	rs12442344	C	T	0.01661741
3	124080743	rs1838669	T	C	0.003101112
3	153103018	rs4679709	A	G	0.003359359
4	7353052	rs13110208	C	T	0.003769407
5	7844986	rs1482276	G	C	0.004043801
23	3672589	rs3876184	G	A	-0.002449486
23	46185355	rs761200	G	A	-0.009553937
