CHROM	POS	ID	REF	ALT	BETA
1	196701051	rs380390	G	C	-0.01328555
10	124214448	rs10490924	G	T	0.05616523
