CHROM	POS	ID	REF	ALT	BETA
11	76367028	rs2155218	T	C	-0.0006153415
12	32553149	rs2728676	C	A	0.01678717
12	95339984	rs249183	C	G	-0.02466818
16	79369779	rs4888952	G	C	0.008276918
2	19991709	rs4666348	C	T	-0.01168484
2	52404308	rs11682953	G	A	0.008371209
22	36680825	rs2071733	C	G	0.05524707
22	36707661	rs2157256	A	G	0.0230324
4	36235798	rs10017861	A	G	-0.01049724
5	174663244	rs1549229	G	A	-0.03951266
6	42940673	rs2395943	A	G	0.02442189
6	44631183	rs581465	T	C	0.0210261
23	36481149	rs17245760	A	G	-0.01535511
23	46185355	rs761200	G	A	-0.005432596
23	123283870	rs5956618	C	T	-0.003126366
23	144816043	rs2842670	G	A	-0.004332529
