CHROM	POS	ID	REF	ALT	BETA
10	29558509	rs2796320	A	G	-0.001997165
10	64260847	rs12245332	T	C	0.002646894
11	27765787	rs17309958	T	C	0.001379363
11	41333955	rs2922035	T	C	-0.00176453
12	24118956	rs10842249	T	C	0.002358472
12	31297722	rs55758709	C	T	-0.005824732
12	63631049	rs11174885	A	G	0.001696829
12	121938185	rs10849893	C	G	0.01432979
12	124156487	rs12817757	C	T	0.004578505
13	22259641	rs9506722	A	G	0.0006236781
13	46664444	rs9534319	T	C	-0.005010479
15	64147817	rs4777232	T	C	-0.002289225
15	100311843	rs28739469	T	G	0.0007031896
17	3529529	rs28873452	G	A	-0.01580219
17	9106606	rs16958034	T	C	-0.01244147
17	9827890	rs11868895	T	G	-0.001668721
17	68318758	rs219937	C	T	0.0009568684
18	951057	rs9947898	C	G	-0.002430842
18	4841120	rs62082509	G	A	0.002588312
19	18134596	rs380991	A	G	0.0006903509
19	51845371	rs10414211	T	G	0.001806248
2	24686441	rs6756785	A	G	-0.002907754
2	105871129	rs2438086	A	G	0.0006514286
20	51585697	rs6097177	A	G	0.004001198
3	49455330	rs11715915	C	T	-0.0005746852
3	49550774	rs3905330	A	G	-0.006547806
3	192775890	rs992431	G	A	0.004899477
4	79098129	rs17003021	T	G	0.03089506
4	115376214	rs6842212	C	T	-0.0279711
4	176979000	rs17062464	T	C	0.006607765
4	177310481	rs17631173	G	A	0.0007892819
5	3750452	rs11745682	G	T	0.002380823
5	34821825	rs10461947	C	T	-0.004286353
5	123961257	rs11241756	G	T	-0.002779952
5	158834367	rs60689680	G	T	-0.01050176
5	171192037	rs33855	G	A	-0.002608922
6	5822192	rs1407795	C	T	-0.008289056
6	20044587	rs594259	A	G	0.0009427169
6	139336513	rs11394871	G	GT	0.003860926
6	166228646	rs9356393	G	A	0.000502109
7	1791017	rs2398718	A	G	0.002141521
7	64129345	rs73136779	C	G	0.001691761
7	82714451	rs12113907	G	A	-0.0005949453
9	4657757	rs7848239	G	C	0.006941942
9	4657863	rs378809	G	C	0.001243774
9	23351676	rs10811898	T	C	-0.003322115
9	25084369	rs4366163	C	T	-0.004799087
23	9466319	rs2521387	G	A	0.005106859
23	9626308	rs2239409	T	C	0.002666164
23	23382610	rs62584517	G	A	-0.001104785
23	23384584	rs12559982	T	C	-0.00323214
23	33537226	rs5972867	A	G	-0.001001301
23	33654991	rs1518978	A	G	-9.739382e-05
23	100325378	rs35451003	CT	C	-0.002442539
23	117941116	rs2430200	A	G	-0.004546969
23	118249485	rs7877969	A	C	0.003820245
