CHROM	POS	ID	REF	ALT	BETA
1	24530246	rs17184658	C	G	-0.01220266
1	40289812	rs1999573	A	C	-0.03918055
1	150237624	rs2298161	G	A	-0.01560818
11	98261371	rs2200079	T	G	-0.01065471
13	46256308	rs1536191	C	T	0.006051258
2	182419821	rs60465993	T	C	-0.004225958
4	180312809	rs6812281	T	G	0.001245546
5	15553634	rs6889573	G	A	0.007181113
5	73371678	rs152044	C	T	-0.007211664
7	70573387	rs7798323	C	T	0.03178954
9	14058548	rs10116586	A	C	-0.002343827
23	121972773	rs73227291	C	T	-0.003220333
23	122615044	rs6649020	G	C	-0.0004176204
23	141092186	rs2223313	T	C	-0.02201969
23	141093353	rs11795547	T	G	-0.01223657
