CHROM	POS	ID	REF	ALT	BETA
1	40271565	rs6670687	A	G	-0.01037734
10	2428556	rs826491	G	C	0.01719301
17	61648091	rs9652863	G	T	0.005781269
2	20410211	rs3771248	G	A	-0.02514372
2	46259807	rs7600159	G	A	0.01243681
2	228812013	rs10196736	T	G	0.004396774
20	51677970	rs2904295	A	C	0.007599846
3	57335876	rs4060726	C	T	-0.04182483
5	115734346	rs26328	C	T	0.0003882131
5	170914623	rs7708511	G	A	-0.001832139
6	160719593	rs368123	A	G	-0.006179117
