CHROM	POS	ID	REF	ALT	BETA
1	1065296	rs4072537	T	C	0.003653979
1	18807953	rs11261022	C	A	0.009730201
10	10766924	rs35090148	AG	A	-0.001783721
12	4875334	rs766505	T	G	0.001730941
12	29648275	rs10843438	G	A	-0.01151095
12	132054175	rs6421992	C	T	0.003438832
13	114929218	rs407531	G	A	-0.01134605
14	21494477	rs3748344	C	T	0.01294615
14	23207964	rs60187210	C	T	0.003304332
15	94021873	rs7163006	T	C	0.005545014
17	6867601	rs11656967	T	C	0.0006268528
17	65325016	rs4455006	T	C	-0.0006324759
19	3468503	rs4807475	T	C	-0.001552698
19	23513267	rs11667562	T	G	0.01568082
19	23597125	rs610054	C	A	0.01582363
19	29119554	rs4119143	T	G	0.01314822
2	68124985	rs3903447	G	A	0.0002539563
2	115530968	rs319859	C	T	-0.004342823
2	143911977	rs2581263	T	C	-0.0003195439
2	199864014	rs7559736	C	T	0.00158205
2	232060553	rs13431424	G	A	0.03059644
20	23368411	rs6076065	C	A	-0.006152954
20	62852770	rs23602	G	A	0.007847261
22	30112364	rs737932	T	C	0.01390751
22	48023241	rs8137874	G	T	-0.002666077
3	73609227	rs6766396	G	C	0.001025543
3	153453510	rs955793	T	C	-0.002315569
3	159952278	rs6441306	A	G	-0.001572928
3	190646505	rs9811251	C	A	-2.091732e-05
4	84226741	rs10428385	T	G	-0.01119563
5	9529244	rs465991	C	T	0.007094266
5	26348380	rs7705778	T	C	0.01327047
5	40267930	rs2279170	T	C	0.002332317
6	89926966	rs12200969	T	C	0.001175696
7	24149942	rs272711	G	A	-0.003133921
7	40920313	rs17689040	C	G	0.009790123
7	52762420	rs1867018	G	T	-0.009421393
7	114015707	rs12705960	C	A	-0.004556153
7	114917247	rs12706024	A	G	0.0004273265
8	2404007	Affx-31944281	G	A	-0.005611855
8	41914066	rs6474375	A	G	0.004528402
8	73889320	rs9298210	C	A	0.004487185
8	73901272	rs6983580	T	C	0.001067091
9	78850923	rs10781351	C	T	-0.008757491
23	24578803	rs10156959	C	T	-0.004748894
23	39565587	rs584465	C	T	0.01550797
23	46246592	rs62590007	T	C	-0.002757756
23	90410634	rs5940948	G	A	0.01557852
23	90961062	rs150966421	C	T	0.01309657
23	116797041	rs6645355	A	C	0.006783739
23	122060570	rs766843	G	T	0.0003049636
23	139266440	rs6636011	C	T	-0.001299419
23	139914959	rs2873231	A	G	-0.0006820791
23	145949960	rs1415127	C	T	-0.02367998
23	152735959	rs2032436	C	T	-0.0003647465
23	153881525	rs17328091	G	C	0.002660347
23	154743324	rs62618044	T	C	-0.008460384
