CHROM	POS	ID	REF	ALT	BETA
19	10116375	rs2303099	G	T	-0.00176169
4	180278635	rs1350329	G	A	-0.0002640573
9	99377479	rs6477572	T	C	0.002453298
23	13870476	rs5979987	C	T	0.003432444
23	142071488	rs1475239	T	G	4.131791e-05
