CHROM	POS	ID	REF	ALT	BETA
2	100528231	rs7593337	C	G	0.001274245
5	162841722	rs56220415	T	C	-0.003698846
8	70799045	rs7009549	G	A	-0.0006739896
