CHROM	POS	ID	REF	ALT	BETA
1	78747486	rs4650413	A	C	-0.0005126867
1	89653720	rs683100	C	T	-0.005585512
1	185426382	rs232295	T	C	-0.002448206
10	123021731	rs7076500	G	A	0.01051714
11	15571869	rs7128205	G	A	0.006924158
11	40467912	rs10501233	C	T	0.001973704
11	130764092	rs3794140	G	T	-0.004144043
17	76530157	rs11653966	A	G	0.002711737
18	75792407	rs10221332	T	C	-0.003495471
2	65715832	rs840943	T	C	0.001318766
20	56099114	rs6070128	C	G	-0.00176246
6	156353867	rs6909234	C	T	-0.009793908
7	138489883	rs2034507	G	A	0.009958838
8	13493131	rs12544920	T	G	0.003371978
8	41443436	rs13263910	G	A	-0.006614838
9	22068652	rs4977756	G	A	-0.006549013
23	24278867	rs1880977	G	A	0.003932172
23	32200753	rs5927942	T	C	0.001455861
23	97656836	rs5921084	G	A	0.0003533705
23	142130195	rs17329976	T	C	0.006127278
