CHROM	POS	ID	REF	ALT	BETA
10	128352819	rs17155139	T	C	-0.0109472
12	118650374	rs353887	C	T	-0.007331061
14	88009351	rs174518	C	T	-0.009126138
18	900332	rs11665625	G	A	-0.01441303
5	7797291	rs6864771	G	A	-0.01763627
23	13428266	rs62587807	C	A	-0.001797917
