CHROM	POS	ID	REF	ALT	BETA
1	174516366	rs10912807	T	C	-0.00327284
10	2045821	rs1414128	T	C	7.003861e-05
10	15005600	rs11259408	C	G	0.009594069
10	118447663	rs3010463	G	A	-0.009615584
19	34590490	rs546949	G	A	-0.0007715443
2	145630762	rs17479267	C	T	-0.002929188
21	36753728	rs2742146	G	A	-0.002878246
3	190265429	rs3773989	G	A	0.01142426
5	177820134	rs2973739	T	C	-0.009642297
6	116305183	rs6939175	G	A	-0.003666976
7	118212070	rs4727878	A	G	-0.01024843
23	13694766	rs5979938	C	T	0.0005750367
23	29253167	rs5943626	C	T	-0.006681649
23	149669653	rs655381	C	T	-0.002147826
