CHROM	POS	ID	REF	ALT	BETA
10	45123379	rs11239177	T	C	0.003977157
2	11978810	rs6704994	T	C	-0.02443596
2	50813933	rs4971683	G	C	0.004936192
2	169295151	rs2601094	A	G	0.0002385759
4	167076850	rs13152109	C	T	0.005916916
5	142010380	rs249921	G	A	-0.02273062
6	125367101	rs17722237	G	A	0.00917616
9	103054951	rs2787374	T	C	-0.01741385
23	7819527	rs1637788	T	G	-0.00448361
23	18870942	rs239767	G	A	-0.001924799
23	34232782	rs5971830	A	C	-0.0004956952
23	99569160	rs5920818	A	G	-0.0006392952
23	131050878	rs202746	T	G	0.005673082
