CHROM	POS	ID	REF	ALT	BETA
1	18804386	rs2992763	G	A	0.00750485
1	113248791	rs12144044	C	A	-0.0094572
1	238654072	rs12752847	G	A	-0.001221065
10	8511627	rs11255712	A	G	0.001748775
11	21436232	rs11026076	T	C	-0.002199734
11	30571347	rs10767859	C	T	0.005138214
11	31874705	rs1404047	C	T	0.001312526
11	56143977	rs12272403	A	G	0.003004441
11	58930836	rs556507	C	A	-0.002141648
12	6482786	rs2286600	G	A	0.01441178
12	110279179	rs6606743	G	A	0.001828533
12	110300147	rs4766640	A	G	0.004655759
14	59532597	rs9323336	A	G	0.01548664
14	60690896	rs7152901	T	C	-0.007111885
15	62631414	rs289106	C	T	0.001280073
16	57630454	rs2167183	C	T	-0.006651741
18	19914353	rs11665232	G	T	0.008420161
19	20084581	rs10407927	G	T	-0.005259228
19	53809915	rs2052858	A	G	0.008218788
2	6136219	rs2693854	T	C	-3.870374e-06
2	10933249	rs4799	C	T	-0.001295772
2	36673555	rs7562790	T	G	0.02879666
2	239796306	rs35696702	T	C	0.01250089
20	13185666	rs6131450	C	A	0.00970195
3	38589163	rs11129795	G	A	0.0004756142
3	38766675	rs6795970	A	G	-0.01576949
3	88795626	rs6808681	T	C	0.008345546
4	6913707	rs4432749	A	G	-0.01113009
4	67000772	rs2588743	T	C	0.0140728
4	120231150	rs1397607	G	A	-0.0002976479
4	166359629	rs4461476	T	C	0.006544048
5	115948109	rs632993	G	A	0.01218216
6	36340040	rs62403705	C	G	-0.005293162
6	70547652	rs2487410	T	C	-0.03392387
6	70552259	rs1891013	T	C	-0.009176474
7	68182022	rs6972020	A	T	-0.002624034
7	100493998	rs3757869	T	G	0.002394403
8	127008916	rs6470399	G	A	0.002252659
9	124378942	rs793512	A	G	0.01146417
23	12697481	rs73198276	T	C	0.02325215
23	22464040	rs12399184	A	G	-0.002044431
23	25542360	rs4633216	A	G	-0.001030205
23	27459852	rs5926763	T	C	0.01652487
23	32582405	rs4829261	G	A	0.005880372
23	39739615	rs5963701	C	A	-0.003262946
23	44224491	rs5905799	G	A	-0.0005750059
23	68410257	rs56230427	C	A	-0.00442429
23	68452152	rs3849265	C	T	0.00470633
23	85906427	rs67485015	T	C	-0.005179221
23	93222536	rs5939837	T	C	-0.001948757
23	124280709	rs17330937	A	G	0.002423697
23	146150809	rs5904936	A	T	-0.003507568
