CHROM	POS	ID	REF	ALT	BETA
9	22081850	rs6475606	C	T	0.000168616
9	22083404	rs1333040	C	T	0.01170299
9	22098574	rs4977574	A	G	0.00657459
9	22124477	rs10757278	A	G	0.03800517
23	10180880	rs2078275	G	C	0.0116542
