CHROM	POS	ID	REF	ALT	BETA
1	192205562	rs1175113	C	A	-0.006235918
1	244967771	rs2365685	G	T	0.003266382
11	107355600	rs510366	C	T	0.0117431
12	85942177	rs10779167	G	A	-0.00288112
12	117068974	rs4766799	G	A	-0.0005534867
12	119667617	rs2727713	G	A	-0.006128517
13	110900793	rs7333277	G	A	0.005392448
13	110907856	rs66656189	G	A	0.002415402
14	20497580	rs7154220	C	T	0.01860957
15	38175015	rs1354225	T	C	0.001179406
15	39651902	rs17622678	C	A	-0.01031041
16	8821979	rs11645254	G	C	0.002907843
17	45066365	rs2316758	C	T	-0.008544199
17	63554591	rs2240308	G	A	-0.00443039
17	76157266	rs4071641	T	C	-0.008693293
19	15779798	rs60655501	C	T	-0.004058452
2	8780959	rs7588305	G	C	-0.006311564
2	45316732	rs908572	C	A	0.01065781
2	47243312	rs2163982	C	T	-0.01164141
2	88447437	rs6547752	G	A	-0.00648607
2	137967929	rs2196350	A	G	0.02154546
2	192989689	rs17367154	T	G	-0.00824072
2	235955518	rs4663539	T	C	-0.001141476
2	235960893	rs10174126	T	C	-0.01493715
20	2676483	rs1106690	T	C	-0.003418165
20	5607325	rs6085230	T	C	0.003533302
20	9767660	rs78593116	C	A	-0.01621723
22	49372536	rs5770658	G	A	-0.001656674
22	50682865	rs5771270	G	A	0.002226258
4	154553693	rs11099892	G	A	-0.004543867
6	1680843	rs9503000	T	C	-0.01015974
6	31430799	rs2596473	G	T	-0.01839123
6	94487638	rs1336069	C	A	0.001097105
6	109552434	rs351719	A	G	-0.01015013
6	139817115	rs9376422	C	T	-0.007332789
6	161869315	rs13207204	T	C	0.008266605
7	76385739	rs9655995	T	C	0.002584782
7	101587392	rs740302	G	A	0.006413012
7	132522698	rs6967294	A	C	-0.02056629
8	15359838	rs12550443	A	G	0.005095704
9	99091009	rs10990535	C	T	-0.007048957
23	3902081	rs6649535	C	T	-0.001223027
23	5157871	rs7888448	T	C	-0.006931067
23	10180880	rs2078275	G	C	0.005756192
23	12150186	rs857340	A	G	0.003701683
23	47356988	rs2187803	G	A	0.01674022
23	50358622	rs7066803	T	C	0.003709971
23	50388635	rs7058894	G	C	-0.001842605
23	93350616	rs5983342	C	T	0.00301641
23	112227602	rs11796036	A	G	0.01399922
23	123601525	rs2266907	C	T	-0.0122327
23	130028766	rs2864894	T	C	0.01202863
