CHROM	POS	ID	REF	ALT	BETA
1	24002974	rs1320320	G	A	0.002050181
1	100931073	rs3754131	A	C	-0.0316103
10	21824727	rs10828249	G	A	0.02842277
10	108268806	rs6584753	T	C	0.003874252
12	56518408	rs11171747	T	G	-0.00251723
14	80408653	rs17175506	G	A	-0.00400554
15	96760604	rs7183942	A	G	0.01151363
17	55522685	rs12949258	T	G	0.006968255
17	60809905	rs12944443	G	T	0.0271168
18	74093322	rs3991209	T	C	-0.001776121
2	122945745	rs9678809	C	T	-0.004274973
2	179724735	rs883894	T	C	-0.00528093
20	3153503	rs55785911	G	A	-0.002069088
20	59062741	rs348778	G	A	0.01115997
21	18091248	rs2823997	C	T	-0.001019218
21	18414153	rs9305794	G	A	0.008614752
21	18435973	rs13050687	G	A	0.000933324
21	18544139	rs2824253	C	A	-0.02970556
3	6718866	rs17045639	C	T	-0.01057614
3	135769746	rs2140450	T	C	-0.004043207
3	186573705	Affx-21851824	A	G	-0.003702896
5	88806635	rs62380087	C	T	0.007239511
6	10424309	rs6923826	C	G	0.001974406
6	161137779	rs14224	T	C	0.00304697
7	51849478	rs13225022	A	G	-0.02181005
7	62719439	rs61162413	A	G	-0.003307861
7	130800451	rs12669991	C	T	-0.002769057
7	131370039	rs11761231	T	C	0.02221791
7	157762394	rs10278127	G	A	-0.006109024
8	134222387	rs72731528	T	C	-0.00233629
23	4825493	rs6641142	C	A	-0.001812833
23	5572299	rs5915584	C	T	-0.0008098481
23	6225609	rs5961982	G	A	0.004389299
23	7814983	rs5936101	A	G	-0.007546041
23	28983010	rs641288	A	G	0.004109169
23	29167809	rs225050	A	G	-0.001255204
23	32288709	rs331349	C	T	0.004284322
23	67965018	rs5980922	T	C	-0.007800861
23	93107321	rs1779393	C	G	-0.006281659
