CHROM	POS	ID	REF	ALT	BETA
1	60466814	rs626251	T	C	-0.0001850525
11	21955152	rs4922955	T	C	-0.008022038
12	112007756	rs653178	C	T	-0.01712643
12	112871372	rs11066301	A	G	0.001283411
12	130737484	rs4759638	T	C	-0.005490265
7	10501614	rs1608604	C	T	-0.0004721513
23	27795896	rs7891169	A	G	0.004123012
23	128840078	rs909655	T	C	-0.0007196207
