CHROM	POS	ID	REF	ALT	BETA
1	85230072	rs10873653	G	A	-0.0005096486
10	81926702	rs1049550	G	A	0.008302554
12	84698159	rs2929735	G	C	0.01946111
12	85030991	rs10735477	A	C	0.01492165
19	565641	rs72972167	T	C	-0.005421076
19	601373	rs12461820	G	A	0.002265517
19	7278452	rs7254921	C	T	0.009469829
19	41056792	rs843777	G	A	0.03145764
2	43206981	rs921068	A	G	0.006568871
2	205354279	rs1447485	C	T	-0.0115666
3	74515213	rs7432667	G	C	0.002418791
5	41048533	rs13173930	C	T	-0.009854029
6	101879846	rs2579924	G	T	0.01912888
8	10671272	rs6601530	G	A	-0.01232767
8	61193150	rs6998446	A	G	0.01193688
8	70744812	rs3750266	G	A	-0.01722917
9	18758836	rs1549987	G	C	-0.02281528
9	22019129	rs523096	A	G	-0.0002034623
9	22081850	rs6475606	C	T	0.03273702
9	22115959	rs2383207	A	G	0.008506294
23	6669479	rs5989496	C	T	-0.01861807
23	22007752	rs5904600	A	G	-0.001127885
23	68992954	rs2520387	C	T	-0.005830547
23	90685734	rs5941910	C	T	0.006923847
23	92947672	rs10126690	C	T	-0.01552809
23	106927959	rs11092598	A	G	0.00615828
23	109689152	rs10521528	A	G	-0.009382232
23	113687692	rs6655322	T	C	0.003074527
23	122826332	rs5911687	G	A	-0.001916922
23	140000765	rs12008676	C	T	-0.001354747
23	150575385	rs7067140	A	G	0.001144629
