CHROM	POS	ID	REF	ALT	BETA
1	26664968	rs11247919	C	T	0.006459577
11	13324530	rs10832021	G	A	0.01171144
18	5608808	rs1719982	T	C	0.01193231
2	52083566	rs11125391	C	T	-0.01015472
3	172165727	rs572169	C	T	0.01937569
4	111728614	rs13141190	A	G	-2.564205e-05
4	111761487	rs3853445	T	C	-0.006709196
4	180169778	rs7686195	T	C	-0.002478946
5	99156362	rs2369754	C	A	-0.002862232
8	66016808	rs7814538	G	A	0.0002142648
9	138963576	rs10122618	T	C	-0.001696296
23	5184702	rs6638512	C	T	-0.001436151
23	136544868	rs12844697	G	A	0.0001734389
23	143465913	rs2024607	C	G	0.004513932
