CHROM	POS	ID	REF	ALT	BETA
10	11312363	rs11257040	G	A	-0.06139188
12	52264525	rs303765	G	A	-0.01424098
17	10355763	rs917361	T	C	0.01130426
17	71937596	rs3889861	A	G	-0.01220149
17	74979685	rs9912563	C	A	-0.008236563
19	36069632	rs1033330	C	T	0.001869111
2	140891843	rs12327998	C	T	-0.003473149
2	142077308	rs17602834	T	C	-0.02427286
7	55558778	rs10226502	T	G	-0.007507317
8	106593662	rs6995272	T	C	-0.002053764
23	16424791	rs1527071	G	A	0.01131284
23	47200127	rs5906381	C	A	-0.006843145
23	119009236	rs1541341	A	G	-0.01083325
23	122615044	rs6649020	G	C	0.005563079
23	123369663	rs6649181	A	G	-0.0002063147
23	124051262	rs5911917	A	G	-0.03019954
