CHROM	POS	ID	REF	ALT	BETA
1	22445991	rs3765351	C	T	0.000321576
1	100049785	rs7543130	C	A	0.06855423
1	208434607	rs6540460	A	G	-0.0006453673
12	98874749	rs249838	C	G	-0.003185746
18	54811081	rs4075822	T	G	-0.009812504
22	24802564	rs5751862	G	A	-0.01028081
3	35667761	rs10490871	A	G	0.01093379
6	161010118	rs10455872	A	G	0.03440602
8	13233321	rs1729181	A	G	-0.01308939
23	8394253	rs7892812	A	G	0.005302226
23	14089804	rs6526226	T	C	-0.0008887855
23	32205498	rs7879462	G	A	0.008464493
23	141153965	rs2144095	G	A	0.001804379
23	153037808	rs2266882	G	A	0.02720592
