CHROM	POS	ID	REF	ALT	BETA
1	79476307	rs4650631	A	C	-0.02138891
1	95651783	rs4949999	G	C	0.001070346
1	114808963	rs12048406	A	G	-0.01306881
1	163196437	rs6698367	C	T	0.002114396
1	183298610	rs4651153	T	C	-0.0005752511
10	17259863	rs7920112	T	C	-0.005524504
10	61875276	rs10218875	G	A	-0.02105226
10	120751045	rs7072794	C	G	-0.01113548
10	130872867	rs10764843	T	C	0.002825385
11	6083952	rs4564313	G	A	-0.002443754
11	36937056	rs10836637	T	C	-0.004977786
11	130322464	rs11827019	G	A	0.01075805
12	29748233	rs159702	C	T	0.0009850277
12	106657312	rs12812441	G	A	-0.03118096
12	117475178	rs1875144	T	C	0.002125298
12	127498240	rs2024510	C	T	0.0004721524
13	36054972	rs9544427	C	T	-0.004734712
13	44108556	rs4603445	G	A	-0.0004772889
16	27194885	rs12445379	G	A	-0.01734961
17	72050243	rs56070743	G	C	0.02546544
18	32617608	rs12958434	A	G	0.002207403
18	72857946	rs1828098	G	A	0.004817934
2	7407069	rs12692333	A	G	-0.01135303
2	61204856	rs7608910	A	G	0.008584921
2	70867086	rs7602314	G	T	-0.0169583
3	3410383	Affx-22213937	C	A	-0.001657637
3	66354569	rs782743	A	G	-0.03192721
3	171866194	rs6792954	G	A	0.01521675
4	187687030	rs6810643	G	A	-0.0106531
5	5110692	rs814790	G	A	-0.00889469
5	120986049	rs7717908	C	T	0.006306072
5	177788462	rs10440797	T	C	0.007327017
6	6782298	Affx-37047069	A	G	0.002021144
6	37525238	rs9349042	C	T	-0.005602688
6	37526821	rs2797773	T	C	-0.01268884
6	134616949	rs4896039	A	G	0.05222453
6	148865257	rs208696	A	G	0.02160854
6	153353459	rs1292830	G	T	0.0009530698
7	44714512	rs3735477	T	C	-0.001903313
7	138740240	rs2297240	T	C	-0.01183016
8	107907395	rs4236779	C	T	-0.002773245
8	128007648	rs7817995	C	T	-0.05150326
8	137526799	rs2660665	G	T	0.003285252
23	9437166	rs7878827	C	G	-0.03693139
23	13551588	rs5935597	C	G	0.0139675
23	22072812	rs6633508	C	T	-0.01247343
23	38075568	rs6521110	G	A	0.02148741
23	49069366	rs2071316	C	T	0.00786402
23	68095800	rs1343286	G	A	-0.0007623222
23	85528423	rs195035	C	A	0.008952564
23	97857669	rs6616015	A	G	-0.01494554
23	113050656	rs3007199	C	T	0.006774348
23	151839929	rs60077659	G	A	0.009687622
24	2576541	rs3813164	T	G	-0.009674351
