CHROM	POS	ID	REF	ALT	BETA
10	64438486	rs10995271	G	C	-0.0003724762
11	81276347	rs12286881	C	T	-0.0001131788
12	589655	rs215222	C	T	-0.0008986212
12	25218340	rs1497249	A	G	0.006768604
12	56416928	rs2456973	A	C	0.00463638
14	38061742	rs7144658	C	T	0.003856596
14	75232306	rs34752362	G	A	0.001774952
15	98437490	rs56903568	G	A	0.01944739
17	39674641	rs1050784	T	C	-0.001958642
2	218090930	rs62175205	G	A	-0.004272496
4	5719230	rs6824184	A	G	0.005937785
4	17469829	rs2597819	A	G	0.00614504
6	3934132	DRB3_9901	P	N	-0.01288328
6	4391550	rs11965881	A	G	0.00278798
6	32602396	rs9272226	C	T	-0.002771853
9	6192796	rs2095044	T	C	-0.00301096
9	100546600	rs925489	C	T	-0.0001919573
9	138513113	rs7851652	T	C	0.001166771
23	9531042	rs2521413	C	T	-0.001145619
23	112227602	rs11796036	A	G	-0.005816283
23	134013529	rs5978053	T	C	-0.008421326
23	134029987	rs1984391	G	A	-0.0005002799
23	137943387	rs7060413	A	G	-0.002120042
23	140240146	rs12007771	A	G	0.004105428
