CHROM	POS	ID	REF	ALT	BETA
10	105811668	rs805724	G	A	0.01286658
11	67511819	rs12099081	T	C	0.00985671
15	52196153	rs2593181	C	G	0.008827779
16	27396461	rs722516	G	A	-0.002328341
2	234138714	rs10199994	G	C	-0.001578094
5	151598365	rs294969	A	G	-0.001591551
9	14058548	rs10116586	A	C	-0.0001434442
