CHROM	POS	ID	REF	ALT	BETA
6	44684621	rs227838	C	A	0.002772248
7	75946763	rs2961040	A	C	0.0006785026
9	128535858	rs12341121	C	A	0.001775715
