CHROM	POS	ID	REF	ALT	BETA
1	100049785	rs7543130	C	A	-0.001395536
13	74351170	rs34807037	C	T	0.001855267
3	137970907	rs7631734	G	A	-0.01608357
5	73206587	rs2927705	T	C	-0.006290159
6	12241673	rs9394671	G	A	-0.02447647
6	80745306	rs642745	C	T	-0.01201304
6	80814080	rs9294170	A	G	-0.006352639
