CHROM	POS	ID	REF	ALT	BETA
12	62525828	rs1245438	A	C	0.0001628958
14	42076434	rs61990289	C	T	-0.005253799
16	51079549	rs62029977	C	T	-0.005030771
16	69397393	rs153045	T	C	1.635181e-05
18	69156358	rs10514014	A	G	-0.002903933
21	38227289	rs11088365	T	G	0.005886568
21	38299715	rs762370	A	G	0.002524965
5	4520856	rs1450822	G	A	0.002089298
23	40360503	rs5917361	T	C	-0.0013905
23	144462477	rs17244441	T	C	-0.001248292
