CHROM	POS	ID	REF	ALT	BETA
10	81223607	rs10740507	A	G	0.0110393
10	81248316	rs7920426	T	C	0.0005295944
11	95970160	rs1030761	A	G	0.002055751
15	101598964	rs8031193	A	G	-4.364947e-05
15	101830534	rs34883767	C	A	-0.0005559908
16	1131695	rs197056	A	G	0.0009527779
16	6550400	rs3095508	C	A	0.002401282
16	9272621	rs9930340	T	C	0.005754497
2	176723641	rs2034281	G	A	-0.0003588794
3	71542279	rs73093445	C	A	-0.01034049
6	91310855	rs282427	C	T	0.003083209
6	162712174	rs2002682	A	G	-0.0001559207
7	6546958	rs11773436	G	A	-0.007826475
7	114223723	rs1229761	C	A	0.002476384
7	115513397	rs12667263	G	A	-0.00701819
9	84225652	rs10867779	T	C	-0.001123144
9	128487082	rs7018617	G	T	0.007458453
23	86708674	rs2213724	A	G	0.002273794
23	95833067	rs17337770	G	C	0.001637411
