CHROM	POS	ID	REF	ALT	BETA
12	20862939	rs11045399	G	A	0.004976299
19	45251156	rs2965169	A	C	0.017385
5	131672657	rs56399423	T	C	-0.002495224
5	131723288	rs2073643	T	C	-0.003600423
6	26121153	rs198826	C	T	0.00941633
6	32211218	rs9267947	A	G	-0.004404312
9	35088142	rs527459	A	G	-0.003067558
23	10866441	rs5978423	C	T	0.0001200198
