CHROM	POS	ID	REF	ALT	BETA
1	205648707	rs1775147	T	G	0.0010884
10	100190264	rs2296431	T	C	-0.002095745
11	57144905	rs12796816	C	T	0.007503589
11	83213411	rs11601771	T	C	0.001080197
11	83229713	rs12288797	C	T	-0.002010364
11	119652763	rs11217502	G	A	0.001985977
12	41301332	rs11178982	T	C	-0.001907165
14	69568742	rs9323522	A	G	0.003345766
15	39366899	rs4924334	C	A	0.001031744
16	69091218	rs11075704	C	T	-0.002156929
16	87904869	rs33916661	A	G	-0.0001113781
17	13651606	rs748928	A	G	-0.00172939
17	60851401	rs11079488	T	C	-0.003842805
17	78114528	rs4889830	G	A	-0.002543103
18	56872398	rs2085635	G	A	-0.0008327458
19	402556	rs2012035	C	G	-0.001593113
2	114510193	rs6704673	G	A	-0.001113879
2	133683658	rs2577634	G	T	0.003179926
2	206062549	rs1921788	T	C	0.001361144
2	220840672	rs10177695	C	T	-0.0003700126
3	52236762	rs352169	G	A	-0.001166085
3	114743119	rs9845146	T	C	0.003307769
4	27685834	rs963228	A	G	0.003579229
4	148015450	rs60132894	G	A	0.00703497
4	174457800	rs4695731	A	G	-0.006917832
5	79552184	rs1126176	A	G	0.005912537
6	110241934	rs9386862	T	C	0.003180789
7	1201266	rs2949202	G	A	-0.002076432
7	32302347	rs6948856	G	A	0.0001680209
7	117449844	rs10226236	T	C	-0.001497447
8	1904365	rs4876267	G	A	-0.003192913
8	40036626	rs2980817	A	G	-0.0008303116
8	113824046	rs13261160	A	G	-0.005561498
8	129114363	rs56299026	G	A	-0.004982814
23	12441976	rs2407840	A	G	0.00214835
23	15336223	rs7878777	C	T	-0.0002786217
23	31940888	rs6527132	A	G	-0.002742815
23	42238562	rs58316243	T	C	-0.002091223
23	102827273	rs12012342	T	C	0.002379599
24	1640371	rs6644727	T	C	0.01607499
