CHROM	POS	ID	REF	ALT	BETA
12	8658644	rs11045914	C	A	0.0044767
12	56934928	rs2694909	T	C	-0.01424867
12	66459794	rs10735933	A	G	0.002641757
12	122373729	rs10840631	C	T	-0.008802611
14	34596273	rs1652948	C	G	-0.0006085098
15	34028778	rs11856930	A	G	0.002787437
17	38061439	rs4795399	T	C	-0.01650075
2	23606030	rs13397583	C	T	-0.01202762
2	164846937	rs3910511	T	G	-0.007453371
4	5971634	Affx-24730811	A	G	0.002277443
4	121395960	rs843597	T	G	0.002217227
4	189353740	rs12499596	G	T	0.001327418
6	147957296	rs6940459	A	G	-0.002562022
7	18221134	rs1178340	C	T	0.005585605
7	120428605	Affx-52369472	CAGTAA	C	0.0007486752
7	139657221	rs3823717	T	C	-0.001455351
9	17796668	rs1049430	T	G	0.0002227429
23	6525226	rs56227048	C	T	-0.008312682
23	28060322	rs73546358	A	G	-0.001558606
23	79454802	rs393298	T	C	0.0007987158
