CHROM	POS	ID	REF	ALT	BETA
14	95759141	rs66519953	G	A	0.002594649
15	51502986	rs10046	G	A	-0.007748576
