CHROM	POS	ID	REF	ALT	BETA
1	160159090	rs11265352	A	G	-0.004717124
10	60514502	rs11006252	T	C	0.02105615
10	60529518	rs35784224	T	C	0.0151216
12	8114606	rs2052177	A	G	-0.003463237
13	100727590	rs7321870	T	C	0.009166492
13	108094072	rs1998526	T	G	0.008990447
14	95165612	rs10150038	T	C	-0.003434445
16	8833920	rs1420083	T	G	0.009037889
17	6586754	rs4796539	G	A	-0.003739379
17	10707241	rs1078643	G	A	0.0182913
17	32342235	rs9892726	G	T	-0.0003018887
17	41503598	rs72833110	A	G	-0.01776261
17	76633965	rs4796827	A	G	-0.01373029
18	42151268	Affx-14918625	G	A	0.005048787
18	66212075	rs4891696	G	A	0.02731716
2	11200347	rs7564899	G	A	-0.007730309
2	42005655	rs28608666	A	C	0.02380392
2	59686346	rs17585147	T	G	0.003404727
20	23065209	rs3746731	G	A	0.03641557
21	28026256	rs432551	A	G	-0.01102194
21	43068319	rs2838086	G	A	0.001930885
3	2548837	rs6809399	A	C	-0.003887083
3	108126872	rs3957543	T	C	0.00188676
3	181590598	rs833283	G	C	-0.01716839
5	166832906	rs62388807	C	T	0.005586865
23	9685901	rs17321120	T	C	0.02061292
23	42046069	rs5917462	G	A	-0.002863195
23	116859594	rs2192283	C	T	-0.004629254
23	121633508	rs2603608	C	T	0.001541661
