CHROM	POS	ID	REF	ALT	BETA
1	167420425	rs2056626	T	G	0.0004046039
1	183169690	rs661451	T	C	-0.002215219
1	188566897	rs10912457	A	G	-0.004172063
11	8839229	rs11042082	G	C	0.001888177
11	16990389	rs6486331	C	T	0.002065199
13	74980960	rs9543623	T	C	-0.0002652589
13	93033376	rs1926614	C	A	-0.008422115
13	109923816	rs869913	C	T	0.00135426
2	30982726	Affx-19900630	G	T	0.0007156696
2	182521578	rs1473295	G	A	0.005275352
2	235127466	rs1860699	G	A	0.0005677789
20	4827547	rs2423073	G	T	-0.005728219
21	28402565	rs233583	T	C	-0.003182609
3	189086515	rs7626770	T	G	0.004529745
3	192135659	rs4561773	G	T	0.006551404
4	5098894	rs10029617	G	A	0.001568436
4	111267671	rs243988	A	G	0.00201963
4	142796291	rs11945914	G	A	-0.00113994
5	106443053	rs4957687	A	G	-0.008325287
6	26091336	rs2071303	T	C	-0.004006101
6	26148326	rs806973	A	G	-0.0002027189
6	26158079	rs7749823	A	C	-0.01210384
6	27080205	rs6921388	A	G	-0.003303357
6	27310533	rs9461366	G	A	-0.001429843
6	32779996	rs2857114	G	A	0.009043864
6	69480408	rs1523932	C	T	-0.004574612
7	116122943	rs6976316	G	A	9.508344e-05
8	119977792	rs2062375	G	C	0.0135517
8	120052238	rs6993813	T	C	0.01352991
9	110587796	rs36083591	A	G	-0.001051977
23	4009244	rs6640754	G	A	-0.004388393
23	22800458	rs12556950	G	A	0.002478809
23	32063060	rs12556642	C	T	5.149537e-05
23	68992954	rs2520387	C	T	-0.003226512
23	129199812	rs3788848	T	C	-0.001853
