CHROM	POS	ID	REF	ALT	BETA
12	93550301	rs1836127	G	T	-0.0273762
19	33045844	rs2868143	A	G	0.001444044
23	39839081	rs4827030	C	T	0.01306382
23	53899455	rs12556165	G	C	-0.01931532
