CHROM	POS	ID	REF	ALT	BETA
1	10924273	rs1280989	G	A	0.02027587
1	170764915	rs10800542	T	G	0.0006734625
1	213101844	rs970081	G	A	0.006657449
1	219734960	rs2820441	A	C	-0.03430674
10	29434216	rs476456	A	G	0.00304536
10	92091978	rs1326164	T	C	0.04413049
10	131759069	rs9804201	T	C	-0.01418441
10	133958541	rs2637627	C	T	0.003529952
11	41258331	rs10501252	T	C	0.00651523
15	58176513	rs11857195	T	C	-0.01508722
16	8176526	rs11077265	C	A	0.001337801
16	75313485	rs4888372	G	A	0.02043078
16	82045242	rs62046301	C	A	-0.01874223
17	72567262	rs1719517	G	A	-0.003395592
18	57086933	rs4940871	C	T	-0.02487071
18	71442075	rs11872509	T	C	0.01281274
19	34024621	rs33849	A	G	-0.01276642
19	51773802	rs1878047	A	G	-0.01850312
19	52240015	rs7247709	G	A	0.01926263
2	5625500	rs1370937	G	A	-0.01963313
2	5944227	rs1429215	G	T	-0.01844135
2	133783103	rs6730963	T	C	-0.01189126
20	10931701	rs1107576	T	C	0.029586
20	47143048	rs1980507	C	T	-0.001559396
21	42626706	rs2837996	T	C	0.003388384
3	98440021	rs278363	T	C	0.02925547
3	111981878	rs9809384	T	C	-0.007185419
3	176984823	rs7430769	A	G	0.01045346
4	76854528	rs6843072	C	T	-0.01446591
4	107951360	rs10021344	G	A	0.004024908
4	129024273	rs4834232	C	T	0.01301607
5	31681041	rs17413207	G	A	0.0001458205
5	77221319	rs2885241	C	T	0.03534114
5	97395251	rs257213	A	G	-0.01425738
5	135620850	rs1499767	T	C	0.01569241
6	20258514	rs6907726	C	A	-0.003098544
6	32582354	rs5004277	C	T	0.009593725
6	46080876	rs6902187	T	A	0.01099712
6	71047217	rs1739671	T	C	0.001857826
8	2356717	rs11136524	A	G	0.02147155
8	12630134	rs34463296	C	T	-0.02697982
8	12808595	rs2977090	T	C	-0.01254364
8	65777120	rs6999435	C	T	0.01099714
9	11645495	rs10960058	G	A	0.004378943
9	77146468	rs7870498	G	A	0.009710584
23	3137691	rs17051544	G	A	-0.02026931
23	12281162	rs5979557	G	T	-0.005978333
23	22849591	rs6633672	C	A	0.01265209
23	31233769	rs7889559	C	T	-0.01425974
23	32009476	rs5972470	A	G	0.01646764
23	32088576	rs1718043	T	C	0.01051248
23	44497123	rs5952603	T	C	0.005083434
23	69169421	rs55879809	A	C	-0.01168388
23	70202160	rs35014580	T	C	0.04058229
23	70299111	rs4393070	T	G	0.03118624
23	111856885	rs6655188	G	C	0.007187947
23	111857966	rs5973902	C	T	0.01994967
23	129249279	rs209988	G	A	0.01869568
23	129623496	rs16980163	C	T	0.002054532
23	137370328	rs1994451	A	G	0.002198848
23	142722609	rs1005350	G	C	0.005900403
23	145044167	rs5919633	A	G	-0.01295166
23	145145664	rs1856568	G	A	-0.03603384
23	146669266	rs6626268	A	C	-0.01868927
23	152930382	rs5987125	T	C	0.02346101
