CHROM	POS	ID	REF	ALT	BETA
2	30675739	rs13419683	T	C	0.007176716
4	173780258	rs9968432	A	G	-0.002026124
23	18148470	rs5909390	A	G	0.001549835
23	120647160	rs6649366	G	A	-0.007676728
23	131830794	rs17380	GC	G	0.009110119
