CHROM	POS	ID	REF	ALT	BETA
2	75107048	rs4241264	G	T	-0.003639951
2	221798712	rs1157704	G	A	-0.005383673
3	49936102	rs2230590	T	C	0.01138485
3	99643176	rs793440	C	T	0.00122522
4	11121480	rs1514594	C	G	-0.01277124
9	99021661	rs2476923	A	G	0.001609566
23	3162468	rs2694728	T	C	0.002518703
23	31986430	rs3761604	C	A	-0.0003472366
23	32849544	rs4829269	A	G	-0.002758188
23	109968387	rs197023	T	C	-0.004048098
