CHROM	POS	ID	REF	ALT	BETA
1	160162959	rs617599	G	A	0.002871882
12	78595490	rs300495	G	A	0.001731257
16	24954723	rs3815951	A	G	0.0009166457
17	69960575	rs9897983	C	T	-0.003575037
3	63144853	rs1447439	C	G	0.007198987
8	50745588	rs62501102	G	A	0.001798874
23	9428940	rs55812283	T	C	-0.0002272032
23	9466319	rs2521387	G	A	-0.008545357
23	38093868	rs4336751	C	T	-0.001331934
23	40102612	rs4827201	A	G	-0.001992882
23	115060539	rs5991107	A	G	0.00327381
