CHROM	POS	ID	REF	ALT	BETA
1	183935353	rs10911473	A	G	0.001823636
1	184023529	rs1046934	A	C	-0.009031396
1	237646887	rs1982645	T	C	0.002202115
10	56305990	rs10825351	C	T	0.001041878
10	93077075	rs10748559	T	C	0.009731642
10	102744331	rs11591349	A	T	-0.005865515
11	31917219	rs667156	T	C	0.006336674
11	74055891	rs637921	A	C	-0.01124822
12	97762977	rs12318110	A	G	-0.005428796
14	44630044	rs11385047	C	CT	-0.008352558
16	9862556	rs11866328	G	T	-0.001967826
16	49627443	rs11646854	C	A	0.001127871
17	5423104	rs28704982	C	A	-0.01187168
17	5436263	rs2301582	C	T	-0.003661584
18	26188052	rs8088603	C	T	0.005033181
19	49932178	rs55732330	A	G	0.002567107
2	16137237	rs3213827	G	A	0.006159773
2	16825671	rs700423	C	T	0.0008178608
2	30406902	rs4264597	A	G	0.004910298
2	42949805	rs2888840	C	T	0.008620502
21	43772947	rs225340	C	T	-0.002420429
3	12615984	rs713178	T	C	0.002472409
3	54695763	rs646929	A	G	-0.001372473
3	62081599	rs886563	T	G	0.002611937
3	146729951	rs6773861	A	C	0.01819935
5	22473266	rs11739642	A	G	-0.02298416
5	108862162	rs9326777	G	A	-0.01312357
6	139648282	rs9403059	A	G	-0.007726606
7	12171180	rs10263550	T	C	0.01129367
7	70120517	rs10234482	T	C	0.005176371
9	137900735	rs10448317	T	G	-0.002101744
23	9613099	rs17321050	T	G	0.00498548
23	32324466	rs331318	C	T	-0.006672679
23	82711942	rs213443	G	C	-0.004682117
23	93350616	rs5983342	C	T	-0.004673806
23	96391627	rs73250785	A	G	0.0003625172
23	118099326	rs5910461	C	A	0.01611067
23	134542829	rs5930699	G	A	-0.001447263
