CHROM	POS	ID	REF	ALT	BETA
1	247352621	rs10754538	T	C	0.01318006
11	99495036	rs639654	G	T	-0.01008338
12	83413311	rs1796177	C	G	0.01206567
15	27950327	rs3110483	T	C	-0.01295097
15	60168050	rs6494149	A	G	0.004322371
17	2385240	rs7207104	T	C	0.00160477
2	47601106	rs1126497	T	C	0.04771703
2	176619619	rs7557592	C	T	0.01799581
3	2953326	rs6766176	G	A	-0.02231278
6	81266744	rs2322842	A	G	-0.01451659
6	167169098	rs2274552	G	A	0.0308244
7	29199462	rs245905	C	T	0.0003259915
7	80701790	rs10279257	G	A	-0.02804387
9	94479959	rs13292198	T	C	0.01106924
23	11985678	rs1151484	C	T	0.01589032
23	47264022	rs13440834	A	G	0.03782976
23	68002246	rs7065977	A	G	-0.02576633
23	90596159	rs525869	T	C	0.007729053
23	90658632	rs11093286	T	C	0.0002775928
