CHROM	POS	ID	REF	ALT	BETA
11	6617527	rs960456	G	C	0.0007135662
13	114070863	rs9549778	C	G	0.01766124
15	60883281	rs339969	C	A	0.01681854
15	60917321	rs1125683	A	G	0.01137141
17	45284787	rs9894365	A	G	-0.004903838
18	52058680	rs28609859	A	G	0.008816913
18	52209411	rs28377497	G	T	0.006473363
19	6745138	rs1812397	G	A	-0.01718803
19	51874741	rs5026035	C	T	0.006336144
2	16446833	rs340749	T	C	-0.01272056
2	169357139	rs964987	G	A	0.004080509
2	179761990	rs4894062	G	A	0.0004410041
22	44324727	rs738409	C	G	0.0669373
23	23815998	rs6526347	C	T	0.0009282542
23	123553273	rs2239475	C	G	0.005883382
