CHROM	POS	ID	REF	ALT	BETA
2	125272968	rs905628	G	T	-0.0008252427
20	2576947	rs4815396	T	C	0.023745
22	44324727	rs738409	C	G	0.1082818
3	192167149	rs6775137	C	A	0.01334839
4	164777197	rs923913	C	T	1.891424e-05
8	4065780	Affx-32173712	G	A	-0.01337681
23	29596921	rs6628454	G	A	0.02122979
23	33537226	rs5972867	A	G	-0.001854972
23	39636658	rs2317890	T	C	-0.03909754
23	115126665	rs67515883	C	T	-0.002957134
23	134603974	rs5930723	G	A	-0.004206546
