CHROM	POS	ID	REF	ALT	BETA
15	100026472	rs2165711	C	T	-0.008882801
2	44066247	Affx-20090007	G	C	0.1530934
2	44074431	rs4245791	C	T	0.0412302
2	44081042	rs4077440	T	C	0.0530661
2	68082046	rs1393823	C	T	-0.006601642
7	86944642	rs7778976	G	A	0.002956202
7	86983715	rs7808249	A	G	0.01386544
23	15886885	rs798151	A	G	0.01023437
23	39603351	rs4614139	G	A	0.005251631
23	44584894	rs765304	C	G	0.005198509
23	44592980	rs5905875	T	C	0.007099564
