CHROM	POS	ID	REF	ALT	BETA
1	37736250	rs28403248	A	C	0.003065598
11	61399638	rs12806760	G	A	0.0008032837
11	61547237	rs108499	C	T	-0.01334937
11	111171709	rs3802842	C	A	-0.001535083
13	24902506	rs74860689	G	A	0.0001188505
14	52480242	rs1151580	C	T	-0.001099535
14	55279763	rs11158025	C	T	-0.002317845
15	25732610	rs4906716	T	C	-0.006694189
15	32994756	rs4779584	T	C	-0.01730062
16	8823848	rs13333072	A	G	-0.0004720338
16	14493828	rs67951111	C	G	0.008816582
18	46453463	rs4939827	T	C	-0.02155213
19	50753279	rs4802676	C	T	-0.003372059
2	88739292	rs6722564	C	T	0.0008060069
2	109825516	rs12328666	A	G	-0.0006231958
20	6404281	rs961253	C	A	0.01909112
20	6693128	rs6085661	C	T	0.009171279
20	48802994	rs6020348	G	A	-0.001511361
20	60899182	rs11698080	C	T	-0.004482304
20	60921044	rs4925386	T	C	0.006543133
20	60968596	rs1570027	A	G	-0.03440434
3	124449252	rs2279199	T	C	0.0002848175
3	169364599	rs34781085	T	C	-0.001248557
3	169518455	rs6793295	T	C	-0.0213128
4	56420623	rs4865011	A	G	0.006580434
5	13405410	rs7735905	T	C	-0.00227225
5	40257771	rs168403	T	C	0.003747482
5	134443606	rs254560	G	A	0.0001153961
5	134458908	rs646506	A	G	-0.006080535
6	20164940	rs1999625	C	A	-0.01625921
6	98320402	rs7770226	C	T	0.007507091
6	98331937	rs9401305	A	C	-0.002293127
7	100628107	rs4605982	C	T	-0.001985194
8	16179167	rs12675862	C	T	-0.002134794
8	128413305	rs6983267	G	T	-0.01131877
23	4374020	rs17266961	A	C	0.004014474
23	4469798	rs4086429	A	G	0.0006311158
23	18696611	rs6633114	C	A	0.001295575
23	31294762	rs5972363	G	C	-0.006889531
23	31430450	rs2733466	T	C	0.004105674
