CHROM	POS	ID	REF	ALT	BETA
11	30169998	rs7129554	T	C	0.001637186
11	38499321	rs12792876	T	C	-0.003772443
19	36295375	rs11671781	G	A	-0.002888498
19	36582270	rs2301736	G	A	-0.002041434
19	36594659	rs2074435	A	T	-0.003617487
19	44204519	rs346053	G	A	0.0002027426
3	148351156	rs416270	G	T	-0.003817615
5	4281719	rs255675	T	C	-0.005744909
7	101659015	rs17494197	A	G	-0.005165433
23	44592980	rs5905875	T	C	0.001257735
23	90265685	rs113388918	T	C	0.002545316
