CHROM	POS	ID	REF	ALT	BETA
1	46671997	rs7538871	A	G	0.02534556
1	119503843	rs984222	C	G	-0.006715225
1	162280806	rs2819319	T	A	0.006508026
1	162296956	rs347295	A	G	0.01071854
10	12551331	rs11595316	A	G	-0.009359351
12	24537704	rs7972863	G	A	0.0004219706
13	24708664	rs747310	A	G	-0.005404275
14	22730581	rs7155556	T	A	-0.01302999
16	51874774	rs4784776	C	T	0.001853745
19	44306782	rs62116994	A	C	-0.01819835
2	55687618	rs11694644	T	C	0.0006434049
2	159771345	rs112896985	A	G	0.001543195
2	204765979	rs17268071	C	T	-0.02659875
3	32408220	rs6550123	A	G	-0.006267931
4	111545323	rs2595110	A	G	-0.02343298
4	111728614	rs13141190	A	G	-0.06919701
4	142353425	rs10519597	C	T	-0.00897059
5	126618229	rs1862282	G	A	0.004173675
6	16577468	rs62389005	G	A	-0.00236479
6	168066242	rs9364364	C	T	-0.003289582
8	11830150	rs11998678	C	T	-0.005436187
8	23482464	rs7003364	C	T	0.0005026783
9	110782565	rs7029094	T	C	0.01425429
23	5157871	rs7888448	T	C	-0.001650887
23	27105085	rs6630351	A	G	0.01436576
23	33453964	rs5972850	A	G	-0.005537962
23	89376362	rs5941484	G	T	0.003088718
23	91640969	rs2905672	C	T	-0.001713215
23	140506893	rs5907150	A	G	-0.001266561
23	145240758	rs5920027	A	G	0.0007541541
