CHROM	POS	ID	REF	ALT	BETA
18	56672598	rs8091043	T	C	0.002608132
4	159835744	rs6846784	T	C	0.001306525
5	11523516	rs32434	G	A	-0.006816115
