CHROM	POS	ID	REF	ALT	BETA
1	154319756	rs1194584	G	T	0.002525075
1	219676042	rs2791553	A	G	-0.01491282
1	219750717	rs4846567	G	T	0.01882013
1	237215263	rs4659488	T	C	-0.003836469
1	247415879	rs1614597	T	C	-0.0001264231
10	1685231	rs11250695	A	C	0.001697019
10	9221957	rs4749837	T	C	-0.006095719
10	118575606	rs740363	G	A	-0.007012166
11	6913127	rs2741804	A	G	-0.01460172
11	32518198	rs7129461	T	C	-0.004519847
11	68459203	rs3136543	G	T	0.002024378
12	68762014	rs10748104	C	A	0.0003638443
12	106107380	rs67700379	A	G	0.007275571
12	109022800	rs4964269	G	A	0.001269978
12	131875493	rs7486928	G	A	-0.01118366
13	102529512	rs869802	G	A	-0.002922212
14	42430719	rs11157257	C	T	0.001981377
14	53174328	rs2295825	C	G	-0.0006523506
14	65546722	rs4902360	A	C	0.001793121
14	105256187	rs61759760	C	T	-0.01448733
15	44063859	rs3087657	G	A	0.001089573
15	74716174	rs11856835	G	A	0.0152874
16	2944762	Affx-12624245	T	G	-0.01423208
16	9537221	rs1428796	C	T	-0.0280184
16	9626961	rs12923763	G	A	0.003756471
18	20003404	rs948383	G	A	0.0008366706
18	62226080	rs6566113	G	A	-0.03466353
2	56189500	rs74938797	C	T	0.008402961
2	175637578	rs1562957	G	A	-0.01091307
2	218732864	rs17790760	A	G	-0.009786713
22	47657635	rs136636	C	T	0.003384569
3	77532353	rs4684012	T	C	-0.002777434
3	186674138	rs6444187	C	G	-0.002621216
3	188337267	rs12630069	T	C	0.005707373
4	2471974	rs4974695	T	C	0.001333766
4	7440206	rs13117409	A	G	4.630144e-05
5	14118305	rs393418	A	C	-0.004970268
5	64358152	rs266571	G	A	0.005932069
6	16197194	rs2142672	G	A	0.006305147
6	26374658	rs2073526	G	A	-0.005353563
6	26434914	rs9366657	C	G	-0.003396705
6	79501036	rs9343827	A	G	0.001720548
7	102440184	rs10228495	T	C	0.002715617
7	131263081	rs13308940	C	A	-0.008529774
9	84213160	rs2777777	C	T	-0.005868601
9	128903880	rs2111366	A	G	0.005533718
23	3461241	rs11152511	A	G	0.003370703
23	16887655	rs67984110	C	T	-0.003197026
23	18449508	rs5955621	G	A	-0.005786847
23	38074516	rs5918503	T	G	0.03403378
23	38078313	rs34797252	CA	C	0.0001742639
23	46946480	rs7882477	G	A	-0.005866764
23	46960120	rs5906330	C	T	-0.003774613
23	47168768	rs5953025	T	C	0.02128795
23	90265685	rs113388918	T	C	0.005440545
23	99868249	rs1204386	A	G	0.01417632
23	109820068	rs1573036	C	T	-0.01481052
