CHROM	POS	ID	REF	ALT	BETA
14	37104797	rs7159478	C	A	0.006819061
22	44324727	rs738409	C	G	0.1366148
3	188001013	rs7646788	C	T	0.02962803
