CHROM	POS	ID	REF	ALT	BETA
1	90223400	rs519989	C	A	-0.001718055
1	195954505	rs12566199	T	G	0.00123173
11	65628334	rs13817	G	A	-0.009932734
11	104690051	rs1820470	T	C	-0.001089297
11	130322464	rs11827019	G	A	0.003230996
12	16096497	rs10772882	T	G	0.02804172
12	24547031	rs1396205	G	A	0.01045444
13	20871295	rs7327522	G	A	-0.006545194
13	111502659	rs4771711	A	G	-0.003307893
14	29006589	rs12884134	T	C	0.03156301
14	53791041	rs76863256	T	C	0.002003127
14	59253715	rs1741590	A	C	-0.02253238
15	26569669	rs55899970	G	A	0.01149608
15	45857309	rs8043258	C	T	0.0001490196
15	73100694	rs11637168	C	A	0.01456795
16	12966897	rs7203843	A	G	0.01173065
16	65897552	rs1126254	G	C	-0.02397381
17	14342668	rs12946437	A	G	0.003222566
17	43976684	Affx-13928133	T	C	0.009083004
18	4769229	rs34633994	G	A	-0.005570065
2	44081042	rs4077440	T	C	0.04484372
2	49564319	rs10197787	G	T	-0.002454195
2	182351352	rs155106	G	T	-0.01453295
2	240843638	rs12618573	G	A	-0.001177874
20	29833898	rs6120575	T	C	-0.002991031
20	48076614	rs572845	G	A	0.0356228
21	33234397	rs6517060	C	A	-0.004181966
3	130006730	rs12490963	C	G	0.0001679319
3	176557711	rs10936914	A	C	0.0003121757
4	7019262	Affx-36747145	C	A	0.001648885
4	16012648	rs3857149	C	G	-0.008139
4	36472245	rs10446675	C	G	0.01603938
4	121513215	rs10017284	A	G	-0.00248773
4	138374966	rs11731590	G	A	-0.001811045
4	176861301	rs1106568	G	A	-0.01118525
5	23476402	rs11745765	A	G	-0.005654819
5	132603137	rs7711981	C	T	0.02046735
6	3719590	rs34209314	G	A	-0.00285271
6	7730830	rs9502643	G	T	-0.01189793
6	106054607	rs9399926	C	T	-0.02599054
7	26814630	rs10261915	T	C	-0.00229195
9	12825978	rs7026254	G	A	-0.00458328
9	13435926	rs2225173	G	C	0.01271097
9	27426847	rs1411721	A	G	-0.001743786
9	38381308	rs10973772	G	T	-0.03707217
23	26768494	rs12851310	C	T	0.006135112
23	32088576	rs1718043	T	C	0.02036691
23	32160067	rs1795579	G	T	-0.01771964
23	44342308	rs5953415	G	T	-0.03105933
23	44562672	rs4824517	T	C	0.009742353
23	87353399	rs7888330	T	G	0.01512608
23	131686120	rs2583496	A	G	0.004494521
23	138615521	rs371000	C	T	-0.01878559
23	149669653	rs655381	C	T	0.0002209789
