CHROM	POS	ID	REF	ALT	BETA
5	60731458	rs7709645	G	C	0.0005341277
25	73	Affx-79504644	A	G	-0.007063736
23	149545747	rs1983610	C	G	-0.006365262
