CHROM	POS	ID	REF	ALT	BETA
13	110879554	rs672949	C	T	-0.00316181
15	94206470	rs4570785	A	G	0.005127198
16	79008267	rs11150124	T	C	-0.005296451
16	84093062	rs2280024	G	A	0.002453552
2	223324589	rs6761317	T	C	0.003684496
3	150976014	rs6440730	A	G	0.003377722
5	13931340	rs1530496	C	T	-0.002920684
8	108757215	rs6469142	A	G	0.005237569
23	11923609	rs17255656	A	G	-0.002666733
23	69193530	rs6625546	C	T	0.001029505
23	90735205	rs116807467	A	G	0.003461877
23	98203878	rs5966901	G	A	-0.004124175
23	147038290	rs5904817	A	G	0.0004930531
