CHROM	POS	ID	REF	ALT	BETA
18	4015761	rs7241709	G	T	-0.01151681
19	3637395	rs10408855	T	C	-0.0002130402
