CHROM	POS	ID	REF	ALT	BETA
11	16618307	rs10832648	C	A	0.004793034
17	10917049	rs10852927	T	C	0.008075408
5	131820997	rs17622656	G	A	-0.001308071
23	110684831	rs6642906	G	T	-0.00219995
