CHROM	POS	ID	REF	ALT	BETA
11	7929499	rs7946948	T	C	0.00638562
11	94876984	rs17693733	A	G	-0.02234467
11	123016998	rs11219021	T	G	-0.002992735
11	134159539	rs2846390	C	A	0.003716682
12	53135212	rs10735845	G	A	0.02734522
12	118135221	rs618319	A	G	-0.01513395
12	128916719	rs11059692	G	A	0.00270505
18	71091365	rs8084498	C	T	0.02406401
19	49512857	rs4802533	C	T	-0.0177761
2	208150499	rs918193	C	T	0.00762112
2	222208451	rs1897119	G	C	-0.01120971
20	18784100	rs4814796	C	T	0.02050646
20	23661479	rs73104320	G	A	-0.01392948
20	60776275	rs2184161	A	G	-0.001750954
21	27897399	rs222931	A	C	0.01443374
21	41235752	rs381716	A	G	-0.01892244
3	101721475	rs1081618	A	C	0.02064083
4	38893843	rs6851685	G	T	-0.0587526
4	186574328	rs4861673	T	C	0.005227314
5	20107527	rs13170493	C	T	-0.009976853
5	40619755	rs10941519	C	T	0.00206697
5	131770805	rs2188962	C	T	0.01449881
5	157722057	rs12173156	C	T	0.0107447
5	158826792	rs6871626	C	A	0.01137904
6	32574171	rs615672	G	C	-0.02568291
6	32575658	rs3021304	G	C	-0.01585555
6	32587923	rs9271425	A	G	-0.01036576
6	32634467	rs3891175	C	T	-0.01255479
6	132929276	rs9399036	T	C	0.005210724
6	132943436	rs9389015	C	T	0.00956934
6	148803550	rs9322151	G	T	-0.002395076
7	50300254	rs10244399	G	A	0.002439475
8	41696644	rs4737015	C	A	0.004812848
8	102067129	rs3019259	T	C	-0.005736887
9	34151280	rs10971956	G	T	0.01786815
9	98365343	rs10985640	A	G	-0.00908353
9	99824697	rs4361859	G	A	0.004779158
9	138357385	rs11103033	C	T	-0.0004741903
23	7867378	rs34709717	T	C	-0.00526484
23	91803959	rs138232719	G	T	0.002061726
23	115430041	rs5905240	G	A	0.009965955
23	115473059	rs5905162	G	A	-0.0053665
23	143246090	rs144217035	G	A	0.007024438
24	315043	rs62581489	G	A	0.007881209
24	1001493	rs28450278	T	C	0.01748712
