CHROM	POS	ID	REF	ALT	BETA
1	210001713	rs674346	C	A	-0.02220326
12	24537704	rs7972863	G	A	0.006475059
4	64063312	rs10010596	C	A	0.001219112
4	118931891	rs28528872	G	A	-0.01427603
5	66452175	rs1697137	G	A	-0.01853676
5	178997373	rs4075890	C	T	0.01431326
6	31198987	rs3130527	T	C	-0.007123843
6	31351242	rs3016013	G	A	-0.05345598
23	47910051	rs5905647	C	G	-0.01211519
