CHROM	POS	ID	REF	ALT	BETA
1	203363506	rs10800923	G	A	-0.006653324
13	53231255	rs7334677	G	A	-0.004625645
2	191143798	rs2582735	T	C	-0.007949303
5	53191143	rs7729734	C	T	-0.0168996
6	114682727	rs976271	G	A	0.0004256678
23	8439382	rs2404240	T	C	0.01555912
23	13465641	rs5934103	C	T	-0.007494194
23	16266533	rs2702234	A	G	-0.007172106
23	29253167	rs5943626	C	T	-0.01518288
23	29373791	rs17282598	G	A	-0.01287572
23	39525299	rs17274867	C	T	-0.01577173
23	95202889	rs5949349	T	G	0.00178917
23	119494088	rs3810748	G	A	0.006891065
23	130777163	rs76143819	G	A	0.005158251
24	524605	rs6645165	C	A	-0.002623198
