CHROM	POS	ID	REF	ALT	BETA
11	44649802	rs11820438	C	T	-0.006894032
11	44650413	rs7127343	C	T	0.005242623
12	48912568	rs2464566	C	T	-0.006518139
17	136397	rs66948451	A	G	-0.006423974
18	22776518	rs4609931	G	A	0.002850008
4	112530130	rs13134991	G	T	0.02279101
4	112530548	rs2597862	A	C	-0.01187235
8	103693821	rs9886429	T	C	-0.006531382
23	13681638	rs5935649	C	T	-0.02952942
