CHROM	POS	ID	REF	ALT	BETA
1	214288429	rs1795040	A	G	0.002019255
10	55318856	rs689581	A	G	0.003276161
11	38503840	rs7928440	G	A	-0.01182796
13	114034441	rs4243795	T	G	0.01463736
14	91295459	rs4904734	A	G	-0.002345151
16	26849862	rs161181	A	G	-0.001960552
18	13623536	rs1785182	G	A	-0.03085052
3	42571729	rs16810	T	C	0.007375506
3	73435210	rs3845869	C	T	0.03326638
3	108637430	rs2715689	G	T	0.0076011
6	53134104	rs3830806	C	CACAG	0.01086501
6	123129159	rs11751996	A	G	0.01619142
23	152097578	rs2071262	T	C	-0.0008731799
