CHROM	POS	ID	REF	ALT	BETA
3	163911237	rs563509	A	G	0.002496433
6	32669767	rs2647050	T	C	0.007656453
