CHROM	POS	ID	REF	ALT	BETA
12	93542214	rs4761716	A	G	-0.0002997666
23	3224206	rs1635232	G	A	0.004959597
23	129445772	rs62601165	A	G	-0.005963727
