CHROM	POS	ID	REF	ALT	BETA
18	13518644	rs7227383	A	G	0.01016913
3	177057139	rs7431825	A	G	0.004214081
8	124897201	rs9656949	T	G	0.0002877957
23	141507378	rs2207810	C	A	0.03868815
