CHROM	POS	ID	REF	ALT	BETA
1	74941293	rs649058	G	A	0.001187211
10	131684717	rs11599715	G	A	0.004368538
11	96229375	rs681004	T	C	-0.01380783
14	47243109	rs17681972	G	A	-0.01279146
16	56093466	rs7195269	T	C	-0.002115312
17	43811260	Affx-13925478	G	A	-0.003305588
20	24898856	rs885402	G	A	0.0009672535
20	31933064	rs293727	T	C	-0.008361979
20	31939710	rs293710	C	T	-0.02641275
20	60307393	rs2386945	A	G	-0.01096896
3	28890121	rs1500007	T	G	0.01223786
4	14919063	rs10022899	C	T	0.001298793
5	127662545	rs40487	A	G	-0.01193821
6	31333499	rs2523545	G	A	0.005102836
7	2745394	rs6944291	C	T	0.0006046517
7	16813427	rs1380380	T	C	0.004175534
7	46430800	rs11763223	G	A	0.000720064
7	46535632	rs9648087	G	A	-0.007820276
7	46671622	rs10951860	G	T	0.005547594
7	115853503	rs2402056	A	C	-0.003627005
7	151699597	rs34203255	C	T	0.005032316
8	135394579	rs57530562	G	A	0.013601
9	2617099	rs10967186	T	C	0.00182089
9	88007711	rs13291799	A	G	0.01005508
9	114712898	rs405022	T	C	0.01012334
9	127230891	rs10760365	G	A	0.00238868
23	24578306	rs3761611	G	A	-0.007817682
23	25026993	rs2285563	G	T	0.01469937
23	38065207	rs7883680	A	G	0.0008180917
23	78526590	rs5912854	T	G	-0.006333517
23	122135113	rs1496800	A	G	-0.000303989
23	123553273	rs2239475	C	G	-0.0001894119
23	142777975	rs12687823	C	T	0.006696573
23	145044167	rs5919633	A	G	-0.004950269
