CHROM	POS	ID	REF	ALT	BETA
8	36792421	rs4739456	G	A	0.008128205
8	59710386	rs2726596	T	C	0.006359791
9	71606553	rs10746982	G	T	0.001831234
