CHROM	POS	ID	REF	ALT	BETA
11	69964074	rs2509142	T	C	0.0004567926
11	88577006	rs11021570	A	G	0.006286043
12	33265578	rs12305595	A	G	0.003045827
14	54808453	rs7143704	C	T	-0.01089173
2	106559672	rs12712231	C	T	-0.0004769405
2	132722193	Affx-17813632	C	T	-0.0005894588
6	396321	rs12203592	C	T	0.02199411
23	38699743	rs10521415	G	A	-0.003797986
23	100109374	rs4828068	A	G	-0.00180706
23	109253769	rs4893446	A	G	0.001757585
23	130949827	rs4830231	T	C	0.000213599
