CHROM	POS	ID	REF	ALT	BETA
1	165563605	rs6679871	C	T	-0.0002642749
22	32719049	rs5753974	T	C	0.007727705
4	12021139	rs7660418	C	T	-0.006374931
4	186111639	rs1133657	T	C	-0.004122362
6	11255770	rs6457202	A	G	-0.00327731
8	137426590	rs7833279	G	T	-0.01856882
23	3325021	rs5939198	C	T	0.008052081
23	13885784	rs5934135	C	G	-0.01431146
