CHROM	POS	ID	REF	ALT	BETA
1	12206755	rs631272	G	A	0.001038905
10	80507096	rs10740483	A	C	-0.008943081
11	22942764	rs10766982	A	G	-0.001491368
11	22947196	rs2403778	T	C	0.0136544
12	10885863	rs753202	T	C	-0.00182252
13	47295916	rs2236592	C	T	-0.01412759
13	54079836	rs9536444	C	T	-0.02555329
13	99392904	rs1331251	G	A	-0.01452053
14	80592113	rs10140948	G	A	0.001423314
14	97504088	rs6575606	G	T	-0.002980142
14	103530768	rs62006938	C	T	-0.005062635
16	81706531	rs13334224	G	A	0.007209254
17	47474529	rs2671659	G	A	0.002137104
17	49888301	rs7217855	A	G	-0.002539695
17	53755487	rs79945918	G	A	0.0001626037
17	70171052	rs741348	T	C	-0.002990802
18	2840835	rs4798031	T	C	-0.014954
19	6968670	rs10401466	T	G	-0.002547604
19	6976464	rs382356	G	C	-0.00874252
19	11459665	rs78738753	G	GA	0.0001626992
2	215964050	rs2970958	C	T	0.0005859243
3	43243034	rs80329039	C	T	0.007362119
4	21415503	rs1874341	T	C	0.009885182
4	96091524	rs2241743	G	A	0.009920053
5	58811623	rs7717802	G	A	-0.03014883
5	159832250	rs2910182	A	G	0.01545543
6	53674235	rs9382240	G	A	-0.01013074
6	53679557	rs6458960	A	G	-0.004368962
7	131231032	rs1465387	G	A	-0.03438137
7	144833408	rs7778188	C	T	-0.01907779
8	77745635	rs2733733	G	A	0.008290441
9	110632904	rs17880007	G	C	-0.01169085
23	6964114	rs5978827	T	C	0.0002501921
23	8913826	rs5934505	T	C	0.0008043843
23	15562162	rs233567	C	T	-0.009281562
23	38627896	rs17313336	T	C	0.005776014
23	100813158	rs5951353	T	C	0.003576345
23	126023686	rs5976441	A	G	0.0291456
23	129479460	rs1010978	T	C	2.305999e-05
