CHROM	POS	ID	REF	ALT	BETA
18	45163379	rs8088661	C	T	-0.01424718
8	6080742	rs7005733	C	A	-0.001692386
23	22155424	rs2269466	T	C	-0.0006229311
