CHROM	POS	ID	REF	ALT	BETA
6	31327034	rs116666910	C	A	0.3689263
6	31344916	rs116488202	C	T	0.02798434
6	31351090	rs3997984	G	A	0.8911441
6	31412447	rs116255593	A	G	0.0066552
