CHROM	POS	ID	REF	ALT	BETA
1	29718655	rs4654337	T	C	-0.0001460817
1	89479063	rs4656077	G	A	-0.0174431
10	132384642	rs7920027	T	C	0.001146954
12	122632936	rs11057867	G	A	0.01198661
5	158256118	rs11954193	A	G	0.005265303
