CHROM	POS	ID	REF	ALT	BETA
1	61873677	rs9436640	T	G	0.002825413
10	21334911	rs11012496	A	G	0.001913742
10	23482635	rs7918487	T	C	0.0001981348
10	116565387	rs808276	A	G	-0.002517659
11	66300463	rs1791686	G	A	-0.009562886
12	96869737	rs7959311	G	T	-0.003999899
12	132302268	rs12813201	C	G	0.007617635
13	34098232	rs1329344	A	C	-0.0006895702
13	34107033	rs17666291	T	C	0.0004659285
13	34157288	rs9597687	A	C	0.009309671
13	49485613	rs667131	A	C	0.008485392
14	94088587	rs4905081	G	A	0.0002571349
15	60168050	rs6494149	A	G	0.002019549
17	63717929	rs4377195	A	G	0.0008096388
18	56872217	rs1850373	G	A	-0.01288365
19	52224171	rs4802855	G	T	0.05026451
19	53490509	rs1583962	T	C	-0.00124145
2	171540823	rs2080401	A	C	-0.01023764
2	177073448	rs7589870	C	G	-0.001634156
22	29318724	rs132549	C	T	0.005067848
3	25174059	rs7643390	T	C	0.003113658
4	117073915	rs1911182	C	T	0.001440188
4	175085710	rs7672775	C	G	-0.01924719
5	166636062	rs12657155	T	C	0.002671922
6	15769508	rs220895	C	T	-0.0004454924
7	46702939	rs41421445	G	A	-0.0001637549
7	47345002	rs6959554	T	C	0.007283005
7	138038645	rs78565452	T	G	0.005551789
8	1911393	rs17757154	C	T	-0.005807003
8	106663746	rs1156721	G	T	-0.0008800575
9	89438251	rs7847644	A	G	0.008113904
9	92458315	rs11265922	C	G	4.162615e-05
23	4807730	rs5961558	G	C	-0.001056992
23	46172016	rs851234	G	C	-0.003899982
23	69668463	rs2281868	A	G	0.005773562
23	95173812	rs6619936	G	A	0.000761623
23	124732971	rs5932415	C	T	0.0004111179
23	124851435	rs5930345	T	C	0.004881024
23	134013529	rs5978053	T	C	-0.007741988
23	140401585	rs2029673	G	A	-0.0008655098
