CHROM	POS	ID	REF	ALT	BETA
1	101661568	rs12410412	A	C	-0.03136823
1	203677565	rs6697384	T	C	0.003407406
10	36718126	rs12771570	C	T	0.007890656
10	116246725	rs2475226	G	A	-0.02077927
15	79604782	rs11858942	A	G	-0.0225497
17	57489366	rs8070264	A	G	-0.02237515
17	81026976	Affx-14429200	G	C	0.001578187
19	40595028	rs106082	C	A	0.001477767
3	60574721	rs13085258	G	T	0.002765694
3	193693581	rs1873407	T	C	0.001738574
4	14270011	rs3096578	A	T	0.01110793
4	56884449	rs2702356	A	G	-0.02316761
4	92035550	rs11938021	A	G	-0.02216181
4	113747792	rs7681443	G	A	-0.001942153
5	1297488	rs2736108	C	T	0.02545508
5	92666066	rs6863143	G	T	0.03072537
5	168496090	rs753860	A	G	0.01238285
5	172632919	rs11950713	A	G	0.02470163
6	23961431	rs499466	T	C	0.0384333
6	32211317	rs411326	C	T	-0.00643168
7	142908998	rs3852287	T	C	-0.01003595
23	40125952	rs5963774	G	A	0.007012855
23	43993347	rs5905703	C	T	0.002794707
24	2653913	rs111628445	G	A	0.00468482
