CHROM	POS	ID	REF	ALT	BETA
13	68608607	rs9541267	A	G	-0.001462657
17	74929810	rs28627889	T	C	0.007040105
2	11009610	rs1344074	C	T	-0.006511743
3	132933120	rs62280349	T	G	-0.002859884
4	187721899	rs7436428	G	T	0.001981859
6	30769726	rs1264372	C	T	0.07191784
6	31265490	rs2247056	T	C	-0.03564939
6	31298240	rs9265549	G	A	0.007029574
6	31336604	rs2844569	C	T	0.007812938
6	31387373	rs2596530	G	A	-0.00166126
6	31417191	rs3128982	A	G	0.003803593
6	32192107	rs3134929	C	G	-0.04005076
6	32401845	rs3135335	C	G	0.03911336
6	32406342	rs3129871	A	C	0.03666861
6	32559753	rs28366266	T	C	-0.01127968
6	32577973	rs532965	T	G	0.1588114
6	32583357	rs6931277	A	T	0.05637384
6	32626302	rs9273364	T	G	0.01670195
6	32679462	rs9275580	A	G	0.01235322
