CHROM	POS	ID	REF	ALT	BETA
10	1029278	rs7906595	C	T	0.006315409
13	90861688	rs9560579	A	G	-0.007492135
5	73069581	rs4704097	A	G	-0.005894257
5	91544284	rs10037896	G	A	0.003437367
6	161122763	rs1864449	T	C	0.005453503
23	9757298	rs757018	G	A	-0.008680932
23	29167809	rs225050	A	G	0.007364852
23	29201607	rs62586207	G	A	0.0006652133
23	117624940	rs1294787	G	A	0.008797463
23	141572805	rs3736714	A	G	-0.00130087
23	141887310	rs5908423	A	C	0.002902378
