CHROM	POS	ID	REF	ALT	BETA
1	116034853	rs17163916	A	G	0.0008371452
11	85164751	rs10898392	G	T	0.02448219
19	14652278	rs11671204	A	G	0.001393182
2	65272362	rs2540953	G	A	-0.01221735
3	5956093	rs9844874	G	A	-0.01287013
3	154912094	rs1485237	C	T	-0.0005421296
4	180004570	rs4143147	G	A	0.004786693
5	77175226	rs4704447	A	G	0.01761095
5	120965472	rs11742173	T	C	-0.00179841
5	175292620	rs12652846	G	A	0.001304238
23	4388580	rs5915749	G	T	0.009357843
23	23415889	rs3810719	A	G	0.002096219
23	45179102	rs5905447	G	A	-0.0006206239
23	121972773	rs73227291	C	T	-0.01154997
23	140948747	rs5908060	A	G	0.0002561462
