CHROM	POS	ID	REF	ALT	BETA
1	107790632	rs12731259	A	G	0.004724437
12	126354207	rs1859945	T	C	-0.002842438
13	94565251	rs7982823	A	G	-0.000633589
15	38968222	rs7168730	A	G	0.005899073
16	82965065	rs7499431	T	C	-0.002438924
18	46551262	rs895667	A	C	0.00817412
2	6438598	rs1448574	T	G	0.01203361
2	113977936	rs4849176	C	T	-0.005434776
2	121568708	rs11681811	G	A	0.006413312
20	45678757	rs6124934	G	A	-0.002191265
20	45735441	rs6018280	G	C	-0.006041159
21	31812772	rs2832873	C	A	-0.01094783
21	41555468	rs1882792	G	T	-0.01995939
3	56849749	rs1354034	T	C	-0.002919289
3	68709599	rs9864427	G	T	-0.002013746
3	82123037	rs9852272	G	A	-0.002538483
4	73680505	rs922254	A	G	-0.005820334
4	162551363	rs12642912	A	G	-0.01051183
5	61199286	rs1445880	G	A	-0.00139158
6	30887344	rs7738138	T	C	-0.002130147
7	26341007	rs11525780	T	C	-0.0009388356
8	13416650	rs13282808	A	G	0.003584869
8	13473759	rs34584646	G	T	0.01508717
8	57483013	rs62515938	C	T	0.0085293
9	112928492	rs10114649	G	A	0.0006720949
9	117517606	rs13293384	C	T	0.001747849
23	2700027	rs2306736	T	C	-0.0006883293
23	4899267	rs2218680	C	T	-0.001827855
23	6231848	rs1455322	A	G	0.007142808
23	6508971	rs12841600	T	C	0.001448534
23	7146353	rs2098072	G	A	-0.00121581
23	12450021	rs5935336	C	T	-0.0003434243
23	15614145	rs2023802	G	A	-0.009881266
23	15693367	rs4830979	A	G	-0.002498935
23	19174565	rs113207257	T	C	0.002830575
23	38540836	rs12392962	G	A	-0.001628576
23	47466361	Affx-34911750	A	G	-0.01112295
23	68385863	rs17302682	C	T	-0.01109067
23	94239821	rs2800670	G	C	-0.002866441
23	121217112	rs2801231	T	G	-0.00159862
23	122688557	rs17325366	C	T	-0.00108208
23	125066229	rs6637878	T	G	-0.0009913845
23	140025074	rs6636151	A	C	0.007480452
23	142653997	rs5907437	G	A	0.003296983
23	143749402	rs2742600	G	A	-0.0003910316
23	144530210	rs6653349	T	C	-0.01204474
23	146150809	rs5904936	A	T	-0.007151571
23	148582549	rs1141608	G	A	-0.002114884
23	152088252	rs6418510	T	C	-0.004442953
