CHROM	POS	ID	REF	ALT	BETA
11	122932365	rs4935825	A	C	0.04075104
16	65732916	rs1077177	A	G	0.01198554
19	9548788	rs10406839	C	T	0.00486819
21	47903881	rs2839287	T	G	-0.00617133
23	9538206	rs2681646	G	A	-0.00159511
23	9546184	rs2238860	C	T	-0.001532812
