CHROM	POS	ID	REF	ALT	BETA
1	65763898	rs10889537	G	A	0.009300959
12	5054623	rs4766314	T	G	0.004296954
18	72099323	rs9966498	G	A	0.01329596
2	1481155	rs2280132	G	T	0.002161151
2	173415896	rs1920978	A	G	0.007012888
20	55573876	rs2749763	G	A	0.002243269
4	89274921	rs9884817	C	T	-0.008101703
6	32075563	rs429150	T	C	0.008794324
8	128424792	rs7014346	A	G	-0.03781013
23	16866741	rs5924560	G	T	-0.0001071927
23	44183771	rs5906917	G	A	-0.001205334
23	70093038	rs5937008	C	T	-0.0008627626
23	92136228	rs11795413	A	G	0.04346576
23	92387169	rs36038905	G	GT	-0.001202548
23	104482577	rs6616577	A	G	-0.01045812
23	123000889	rs5958319	C	T	-0.01152827
23	141452927	rs1476385	T	C	0.01476502
23	141471309	rs5953706	C	T	0.00454861
