CHROM	POS	ID	REF	ALT	BETA
2	67665951	rs588779	C	T	-0.002266285
4	74622378	rs12503874	G	C	-0.0004041494
8	72242153	rs13252656	C	G	-0.005470505
23	32528857	rs228324	C	T	0.0002421055
23	140025074	rs6636151	A	C	0.001701764
