CHROM	POS	ID	REF	ALT	BETA
1	183314011	rs811886	T	C	-0.0002352769
1	183398527	rs4652801	G	T	-0.04662999
1	203035365	rs6694477	A	G	-0.001372803
10	8449891	rs10905359	C	A	-0.00898021
11	19528822	rs4423163	A	G	0.00603118
11	113932150	rs2735211	C	G	0.01311098
12	87344310	rs35395565	C	T	-0.0214653
12	109432616	rs1865147	G	T	-0.01656556
12	109518133	rs10774961	A	G	0.01449225
12	114673421	rs1247943	G	A	0.01718371
13	25728452	rs9553542	C	T	-0.01461959
13	78972590	rs8002379	T	C	-0.001819746
14	21945415	rs2282046	A	G	-0.02097866
14	95422511	rs2789372	G	A	0.01448577
14	101251989	rs1884537	C	T	0.01267566
15	31208749	rs1983459	A	G	0.02384128
15	63747396	rs7175750	T	C	-0.001960303
15	101233140	rs57230976	C	T	0.01745469
16	20286312	Affx-12502535	G	T	-0.008121241
16	81241100	rs11150370	G	C	0.01191011
16	81760707	rs12446982	G	T	-0.02043144
16	85167960	rs34406385	C	T	-0.02161072
17	75613400	rs4427867	A	G	-0.03420898
19	10569643	rs2358681	T	C	0.004488279
19	15115678	rs10402035	T	C	-0.06127499
2	140676485	rs1401940	G	T	0.008121369
2	150985765	rs330609	G	T	0.004531864
2	197077935	rs35648924	C	T	0.005615273
2	234665659	rs4124874	T	G	0.00834909
2	234683763	rs6719561	C	T	-0.001207341
21	22609204	rs2826745	C	T	-0.00603897
21	39951548	rs2836537	C	A	-0.01096299
3	62264720	rs6445260	A	G	-0.003556802
3	80865764	rs9850225	G	C	0.002815631
3	122834746	rs2245540	G	A	0.01360375
3	142894411	rs894177	G	A	-0.007597744
4	122746285	rs3217754	TC	T	-0.006265653
4	186947989	rs4862626	C	T	0.03190077
5	3890976	rs487866	C	A	-0.01855901
6	44104395	rs7756198	T	C	0.03559923
6	44232074	rs730775	A	G	-0.002604989
6	65662621	rs7767572	A	G	0.009674745
7	139240471	rs4732386	C	T	-0.02458575
8	129492318	rs13281279	A	G	0.01813293
9	257034	rs573860	A	G	0.01374028
9	104943443	rs320204	C	T	0.04265389
9	119357964	rs7866525	G	A	0.01361681
23	4049787	rs6638493	T	C	0.004042872
23	31118468	rs808178	G	A	0.06707278
23	39082325	rs6610244	C	T	0.02894765
23	39824830	rs11266269	T	C	0.03971221
23	119867475	rs1972809	A	G	0.00726946
23	120261350	rs5909792	T	C	-0.021407
23	124573414	rs3126295	C	A	0.003070775
23	139936408	rs1417427	G	C	-0.02351189
23	140002855	rs12557289	T	C	0.0457437
