CHROM	POS	ID	REF	ALT	BETA
13	51068575	rs1262775	T	C	-0.03530533
2	117737432	rs6542345	C	A	-0.00308261
4	108064023	rs2187355	T	C	-0.00689653
8	129981358	rs11997787	C	T	-0.004280608
9	85812142	rs7864580	A	C	-0.002907285
23	12320079	rs4387121	T	C	-0.0006953674
23	12801877	rs1731475	C	T	-0.003428065
23	23806582	rs6627978	G	A	-0.002339904
23	28681836	rs197021	C	T	0.001070236
23	44635630	rs5952255	A	G	-0.0002373901
23	99880250	rs1204394	T	C	0.01204815
23	106194435	rs6622123	G	T	-0.003911582
23	109485665	rs5942909	G	A	0.002062542
23	117023574	rs5909510	G	C	-0.0200739
23	141450451	rs1535162	G	A	0.006032138
23	142907695	rs5908810	A	G	-0.006950793
