CHROM	POS	ID	REF	ALT	BETA
1	162210471	rs4431825	A	G	-0.005065484
17	9893003	rs7215805	G	A	-0.01022407
