CHROM	POS	ID	REF	ALT	BETA
3	189535024	rs10937415	A	G	-0.0008287504
6	31324615	rs1050529	C	T	0.02723332
6	32626249	rs6928482	T	C	0.01151531
6	32636696	rs28371206	G	A	0.01853081
6	32658429	rs9368737	T	C	0.007587388
6	32670255	rs2856718	C	T	0.006635573
23	22760691	rs2057758	T	C	0.004350525
23	34994149	rs3109519	T	G	-0.02442162
23	43599521	rs2072743	T	C	-0.01023426
23	50749559	rs28595006	T	C	0.01656061
23	95793237	rs4463614	T	A	-0.004976377
23	100162976	rs5921690	A	G	0.001232587
23	144530210	rs6653349	T	C	-0.001658244
23	146125274	rs5951905	G	A	-0.002486096
23	146975441	rs2197710	C	G	0.002296895
