CHROM	POS	ID	REF	ALT	BETA
10	77867825	rs4411232	G	A	0.003616638
13	28000507	rs2760901	T	G	-0.01561921
7	24464080	rs984209	T	G	0.005208442
23	13535003	rs6527809	G	A	0.0007693437
