CHROM	POS	ID	REF	ALT	BETA
1	146531022	rs2031481	C	T	-0.004116488
1	167095163	rs267745	G	C	-0.008138053
1	235160872	rs11488717	C	T	-0.0004501925
10	87678432	rs2140663	C	G	0.009909271
11	1881071	rs587074	G	A	0.005273728
11	10650329	rs2278125	C	T	-0.01000292
12	22239298	rs7135160	G	A	-0.001219376
12	97639144	rs1012315	A	G	0.004334978
12	116059853	rs7303993	G	A	0.01494247
13	27305901	rs11616327	A	G	0.01536695
13	111243736	rs9559849	A	G	0.004713359
14	69117512	rs8023214	T	C	0.01233899
15	96687356	rs4386090	A	G	0.02096936
16	10646797	rs3902834	A	C	-0.0001147557
16	11544673	rs12932948	G	A	-0.0006550376
17	76897974	rs4789936	C	T	0.000739286
2	175564052	rs2884571	A	G	-0.008587913
22	24232507	rs5760089	G	A	0.002834025
22	43160756	rs5758922	T	C	-0.001467514
22	50883961	rs756014	G	A	0.00546523
3	2751092	rs2675294	G	A	0.006258949
3	14545776	rs6800512	A	G	0.005904794
3	133437778	rs4287912	A	G	0.007559817
3	162192511	rs6441491	C	T	-0.002172811
3	187782348	rs6783007	T	C	-0.00346842
4	83561503	rs6535360	T	C	0.009432008
4	125120257	rs960925	A	G	0.001320467
4	139258276	rs7682572	C	T	0.00403611
4	178217424	rs17064575	C	T	0.007246414
6	32593507	rs9271720	G	A	-0.02195292
7	29142663	rs323199	G	A	-0.002493811
7	47481602	rs11763044	G	A	-0.006151219
7	77829768	rs1852006	G	A	0.00844892
7	95448504	rs62660762	G	A	-0.01139706
8	16198715	rs34934578	C	T	0.004412218
8	42324765	rs2978456	T	C	0.002405457
8	134937657	rs34895101	T	C	-0.009233306
23	14836765	rs727976	G	A	-0.000701998
23	23533219	rs11094927	C	T	-0.0007453793
