CHROM	POS	ID	REF	ALT	BETA
12	10885863	rs753202	T	C	0.05042288
19	49285995	rs492734	T	C	-0.0161806
