CHROM	POS	ID	REF	ALT	BETA
1	18573022	rs109489	C	T	-0.001956068
1	22358789	rs61778046	G	T	-0.007465565
1	26665478	rs11247920	G	A	-0.004175078
1	68079175	rs17130134	T	C	-0.001086086
1	153226579	rs6666892	G	A	0.0003840116
10	78558048	rs2583063	T	C	-0.004430525
11	9759713	rs93138	T	G	-0.005225701
11	32473807	rs3858455	T	C	-0.01852821
11	32586375	rs2467584	A	G	0.0007403738
11	89316998	rs12366176	C	A	-0.008126954
11	134821993	rs6590784	C	T	-0.001774369
12	7977723	rs12312135	T	C	0.0001465495
12	114673421	rs1247943	G	A	-0.02167705
15	32976055	rs17816224	C	T	-0.01434628
15	91727125	rs7497813	G	A	0.00023741
15	91745246	rs11854467	C	G	-0.004669945
15	97106543	rs12901494	C	G	0.0003118984
15	98896997	rs12917459	T	C	-0.001870166
16	4741636	rs841219	T	C	-0.005494074
16	27859896	rs772968	G	A	0.009450736
16	51488129	rs12325192	C	T	-0.03771922
17	3951975	rs9900637	C	A	0.005396007
17	7217463	Affx-14329092	T	C	0.002322353
19	11146499	rs3786721	T	C	-0.002366006
19	14083761	rs2305780	T	C	-0.0008356433
2	20878105	rs9306894	A	G	0.03900452
2	56111309	rs3791675	C	T	-0.003954184
2	56199556	rs55805406	A	G	0.003433615
2	102265185	rs62155064	A	G	-0.0123956
2	119470084	rs420342	G	T	-0.01296863
2	120024503	rs6721852	T	C	0.0008315887
2	130488515	rs12989715	T	C	-0.01255116
2	202048123	rs11674246	C	T	0.004644673
2	232803452	rs7588259	A	C	-0.00254549
20	5982244	rs2423131	C	A	0.005848599
20	61065194	rs6121620	C	T	0.002637778
22	38580917	rs13056506	G	T	-0.02111287
3	49899795	rs3796386	G	A	0.003653784
3	98305299	rs13063161	A	G	0.001640613
3	140348018	rs1690856	C	T	-0.003241956
4	79098129	rs17003021	T	G	0.001143718
4	126944421	rs2390942	T	C	-0.006774618
4	148150207	rs11100942	T	C	-0.0009062878
5	33823657	rs6872014	T	C	0.01971319
5	107516650	rs41130	A	G	-0.0001000235
5	127468177	rs806100	T	C	0.006127073
5	127548955	rs36694	C	A	0.001403078
5	149582817	rs2240792	A	G	-0.001311481
6	6743149	rs1294421	T	G	0.0002507776
6	27090404	rs7745603	C	T	-0.009104072
7	105693955	rs6466081	T	C	-0.0002024978
8	33294744	rs6994414	C	T	0.001654731
8	33369944	rs2304748	T	C	0.015341
9	79144818	rs506579	G	A	-0.004768913
9	104381170	rs12685902	T	C	0.001967615
