CHROM	POS	ID	REF	ALT	BETA
10	70813238	rs10823283	C	T	-0.01219428
11	107113815	rs11600657	T	G	-0.03041574
13	43234814	rs10507514	A	G	-0.02723565
14	27469609	rs2018995	A	G	0.007830956
19	53723613	rs4803070	T	C	-0.01139609
3	112440948	rs9863500	A	G	0.01447055
4	99412261	rs12330953	C	T	-0.002763839
8	110096738	rs3110039	T	G	0.006498463
24	1789199	rs7882667	A	G	-0.007880376
