CHROM	POS	ID	REF	ALT	BETA
1	242089628	rs3863736	A	C	-0.003674157
11	77883855	rs230662	A	C	0.0001216417
21	42353039	rs10048864	A	G	-0.003035596
