CHROM	POS	ID	REF	ALT	BETA
1	54005821	rs12750757	G	A	-0.0003343206
1	146891740	rs11240035	A	G	0.001652744
1	190205783	rs1412970	C	T	-0.0119795
10	2820177	rs11251506	C	T	-0.008655355
10	84431179	rs6584870	C	T	-0.002372468
11	74888262	rs1676882	T	C	0.0197888
11	123438030	rs1784359	C	A	0.009713291
12	58350631	rs10122	C	T	-0.002203496
12	131225337	rs10848194	A	C	0.01130691
13	73368219	rs7981430	A	G	0.01038533
14	56380639	rs4901622	T	C	-0.001566288
14	66288374	rs11629235	A	G	0.006346371
14	66289350	rs12882879	G	A	0.000535169
15	74052756	rs7162423	C	T	0.003580406
16	4997689	rs2972274	A	G	0.004848242
16	6266331	rs11077013	G	A	0.002360153
16	86134131	rs9922114	C	T	0.0007734819
17	1616093	rs34853504	G	A	-0.003163006
17	5959278	rs12950135	A	T	0.007187377
17	31113260	rs8076522	G	A	-0.009868925
18	77555368	rs12958594	A	G	0.0179368
19	3136845	rs1465245	T	C	-0.008571473
19	15117912	rs10422640	G	A	-0.003555568
2	73339708	rs1864488	G	A	-0.0008929375
2	81621597	rs7580959	T	C	0.009941581
20	56534936	rs2426763	T	C	0.001316415
20	58989804	rs1001411	G	A	0.001396115
20	60407972	rs7345389	A	C	0.001196463
21	19405159	rs2824607	C	A	0.006656883
3	22103304	rs779166	C	T	-0.005296937
3	151097391	rs17283010	G	A	0.01210491
5	3624721	rs7380789	C	T	-0.01380449
6	13446046	rs62385771	A	C	-0.009921204
6	17466909	rs714399	T	C	-0.005884664
6	31929014	rs437179	A	C	0.006832969
6	32637016	rs9274697	A	G	0.03975791
6	32667230	rs2858312	G	C	0.0005952948
6	32678973	rs17615250	A	G	0.01372588
6	151922064	rs7349925	G	A	-0.02129658
6	159087492	rs317798	T	C	-0.0005214537
7	155852110	rs10245030	T	C	0.005963447
8	4462390	rs2617100	T	A	-0.003648446
8	127442649	rs2735992	T	C	0.004180972
9	19448473	rs2383096	A	G	-0.0009028773
9	98259703	rs10512248	T	G	-0.008804958
9	134237767	rs7467150	C	T	-0.002849488
9	138901049	rs12376616	C	T	0.003928708
23	45058017	rs4239959	T	C	-0.005539139
23	50249685	rs7889048	A	G	-0.0149721
23	129445772	rs62601165	A	G	-0.0001713002
