CHROM	POS	ID	REF	ALT	BETA
10	92431189	rs2800163	G	A	-0.007771603
11	70005641	rs875106	G	A	-0.001200473
12	4103855	rs11062951	A	G	-0.0006350919
13	89362780	rs9521934	C	T	-0.006964549
14	21101155	rs1270809	C	T	0.004756681
17	70916464	rs8069126	C	G	0.009167211
20	50565828	rs6068022	A	G	0.009900346
21	46268783	rs9980195	T	C	0.008244407
5	79526298	rs12520486	A	G	0.01456347
5	124618353	rs35734424	T	C	-0.01596951
6	25361055	rs10946765	G	A	0.005926519
7	145747458	rs7802176	T	G	-0.01105339
9	20176246	rs1413258	A	G	-0.00280641
