CHROM	POS	ID	REF	ALT	BETA
1	78821946	rs11162476	A	G	-0.03036011
1	181031212	rs3856064	C	T	-0.009321737
1	215849347	rs10495003	C	T	-0.004213003
1	238729943	rs646969	T	G	0.006927624
10	10263037	rs7068043	T	C	0.003446347
10	11949902	rs10795909	C	T	0.02834606
10	59339212	rs10826088	C	T	0.01314996
10	89997495	rs7095034	A	G	0.0139654
11	589564	rs4963128	T	C	0.009059316
11	68782223	rs2846196	A	G	0.03577416
12	25469418	rs3885678	A	G	0.01667374
12	31850220	rs2388926	C	T	-2.847132e-05
12	114828935	rs1895611	G	T	-0.004650517
12	127046794	rs10773299	C	T	-0.001327677
13	97607688	rs1929354	T	C	0.003528767
14	59229817	rs1432098	A	G	-0.009997243
15	56274443	rs11632974	T	C	0.009960366
16	57754268	rs2923140	A	G	-0.001203408
17	40570772	rs11871801	A	C	0.001594242
17	46780476	rs34261247	C	G	0.008208882
17	57356184	rs6503913	G	A	0.02026966
18	1678746	rs6505951	C	T	-0.004553807
18	1683704	rs9945073	G	A	-0.0009955544
18	22415438	rs11664918	G	A	-0.01515747
18	56067045	rs1944805	A	G	0.006985471
2	79880543	rs6741563	C	T	-0.03008057
2	102196491	rs6543079	A	G	0.007986083
20	1147410	rs3087751	A	C	-0.002814607
20	4391844	rs297719	C	T	0.03557668
20	52348096	rs6022701	G	A	-0.005492169
20	52514473	rs4811481	C	A	0.001039719
21	38997701	rs702859	G	A	-0.01100594
22	49832070	rs6009689	T	C	-0.005733771
3	2624244	rs2616580	G	A	-0.0002560176
3	7702538	rs9874612	A	G	0.01406664
3	23158993	rs7637269	C	T	-0.001913329
3	24270734	rs1965854	G	T	0.00687031
3	122072879	rs7616785	A	G	0.01029315
3	148633507	rs9990148	C	T	-0.007539882
4	3269905	rs2071668	A	G	-0.003749515
4	87240157	rs17449582	C	T	-0.004374874
4	94577518	rs13109479	T	C	-0.01446459
4	97891970	rs981391	T	C	-0.02412363
4	138249492	rs7675401	C	T	-0.02912777
4	139485906	rs13131943	G	A	-0.00317108
5	77113097	rs10805914	C	T	0.01156391
6	25945211	rs2051541	A	G	-0.004966267
6	31347566	rs2244027	A	G	-0.01868607
6	32757971	rs2621387	C	A	0.0159204
6	33844186	rs6931628	A	G	-0.005875996
6	126966308	rs4549631	T	C	-0.005479077
9	37336741	rs72737787	G	A	0.02821075
9	91649261	rs10435931	A	G	-0.01049035
23	13465641	rs5934103	C	T	0.01161908
