CHROM	POS	ID	REF	ALT	BETA
15	78783277	rs11858836	G	A	-0.000689434
19	49206674	rs601338	G	A	0.003045867
2	132795060	rs11691003	G	C	-0.001733303
3	143488471	rs5025389	T	C	-0.01651865
23	122958467	rs3021238	T	C	-0.00400733
