CHROM	POS	ID	REF	ALT	BETA
1	20008507	rs1883565	C	T	-0.008456023
11	82421186	rs577743	T	C	-0.0003937603
15	25925094	rs3816800	C	G	0.001406806
3	16227428	rs17272355	G	A	-0.00121363
3	122296834	rs2332240	A	G	0.01323317
5	122421104	rs7719453	C	G	-0.001116328
5	163131444	rs1549982	A	G	-0.001786524
7	17309279	rs12670403	C	A	-0.00244201
7	146007792	rs7806058	A	G	-0.001325915
8	31736024	rs13279596	A	G	-5.660736e-06
8	60178721	rs10089517	C	A	0.001537268
