CHROM	POS	ID	REF	ALT	BETA
10	135038088	rs11597218	C	T	0.004427556
13	80964023	rs476179	C	A	0.03239699
19	30883972	rs12973709	G	A	0.001986291
2	213995346	rs10497995	G	A	-0.00307271
20	4095716	rs4815660	G	A	-0.02389392
