CHROM	POS	ID	REF	ALT	BETA
1	155057499	rs3766918	A	G	-0.04173012
11	131476469	rs7121071	G	A	-0.026855
15	101083687	rs4965669	G	C	0.002601217
16	23786141	rs2575389	G	T	0.01001248
17	70786006	rs35146735	A	G	0.03931582
18	43451931	rs11663670	G	A	0.004422081
18	69277533	rs1573380	A	C	0.0103935
2	65921856	rs1544694	C	T	-0.007808039
20	2566845	rs66568047	A	G	0.005229501
3	3095157	rs163572	C	T	-0.0009092181
3	46304606	rs1491962	C	T	0.003390164
3	167990812	rs1395623	A	G	-0.01073652
4	131645574	rs3103395	C	G	-0.01565646
4	153565838	rs3935569	C	T	-0.005236029
4	185554300	rs2720376	C	T	-0.0001644802
5	11146638	rs10067858	T	C	-0.01304704
5	54252345	rs6877572	T	C	-0.0004664577
7	154981760	rs6597475	G	A	-0.0003778882
8	22464064	rs2291232	T	C	0.001724357
8	40846452	rs3857965	G	A	-0.004815694
