CHROM	POS	ID	REF	ALT	BETA
1	89080181	rs6428662	T	C	0.01408153
1	145550922	rs720899	A	G	0.002789221
1	155057499	rs3766918	A	G	-0.006305575
1	172408271	rs10752957	A	G	-0.00145448
1	173414184	rs7549074	T	C	0.0001802797
1	216622782	rs10863242	T	C	-0.001321317
1	219087345	rs1416160	G	A	0.01507789
10	71502192	rs10740323	T	C	-0.007310996
10	91581483	rs4933513	C	T	-0.0243314
11	20068964	rs2119981	A	G	-0.02988162
11	26350731	rs7121193	T	C	-0.03091122
11	100739145	rs10895023	T	C	0.04269542
11	115671399	rs7926600	G	A	0.03629813
11	121517510	rs79242100	C	T	-0.001142999
11	129480051	rs903019	A	G	0.01371341
12	95107439	rs11613747	A	G	0.02844616
12	124270939	rs11057357	A	G	0.005952275
12	133361766	rs10781647	T	C	0.007852911
12	133378851	rs10781649	C	T	0.01596069
12	133490463	rs1278607	T	C	0.02120815
13	22314146	rs9506725	T	C	-0.003778135
13	28239940	rs11029	G	C	0.004722453
13	50751758	rs2066615	G	A	0.01178489
16	86307662	rs16940741	T	G	0.01522117
17	29055710	rs72811645	T	C	-0.06098262
17	44915265	rs1373089	G	A	0.004785863
17	53381796	rs4793788	C	A	0.001891556
19	48925936	rs278061	C	T	0.005745179
2	22730367	rs1463976	T	C	0.01312733
2	70148093	rs35344582	C	T	0.02617455
20	42966025	rs1884612	T	C	0.006912783
22	27490303	rs11090471	C	T	-0.01821893
3	107121474	rs35792689	C	A	-0.01944181
3	107122958	rs811099	G	A	0.002944586
3	154829999	rs1436630	G	A	0.005994071
3	193698416	rs730770	A	G	-0.06385413
4	9909923	rs2280205	G	A	0.04309666
4	23447666	rs13137688	T	C	0.01379912
4	27358898	rs2215745	G	A	-0.02950282
4	38546831	rs35713081	A	G	0.003318833
4	38744882	rs11729638	G	A	0.0001933817
4	54564016	rs1871029	A	G	-0.00221149
4	184508144	rs13150477	G	A	0.001621012
7	12058208	rs6956188	A	G	-0.006687878
7	20975498	rs2539963	T	C	0.04339456
7	29224544	rs245919	C	T	0.004331989
7	52739951	rs12536581	A	C	0.001345319
7	76407800	rs73142064	T	G	-0.0009195002
7	83036085	rs2709938	T	C	-0.0033486
7	134344756	rs11765679	A	G	0.01793522
7	141672604	rs10246939	T	C	0.01849806
9	138002994	rs4262379	T	C	0.007759058
23	13399820	rs66659952	A	G	-0.01156123
24	1341625	rs34944168	A	C	-0.00654179
