CHROM	POS	ID	REF	ALT	BETA
15	87255339	rs12909583	T	C	0.0104784
2	59819588	rs2255446	C	T	0.002738585
2	135406890	rs1568120	A	G	-0.0006042278
21	19259311	rs2824534	A	G	0.00314067
