CHROM	POS	ID	REF	ALT	BETA
1	171158284	rs12566823	C	T	0.009060585
12	17368540	rs10840676	C	T	0.0007965454
12	129725196	rs10773623	T	C	0.01515661
17	17104714	rs14003	C	T	-0.005893926
18	5081266	rs291653	C	G	-0.01102592
2	28668107	rs2940801	T	C	0.0003672211
2	77645195	rs290005	A	G	-0.00680408
3	23605098	rs62256975	A	G	0.00810926
3	141920610	rs9814922	G	T	-0.02453176
4	57507741	rs12640135	T	C	0.008327219
4	140652844	rs13108476	A	G	0.01056597
5	150131674	rs4958411	G	A	-0.003221621
6	25880907	rs12192635	A	T	0.02264504
8	21770763	rs899428	T	C	0.02114759
